id,source,text,url,date,rating,country,relevant,photo_type,failure_stage,outcome,stakes,search_mode,remembered_cues,forgotten_cues,workarounds,query_tried,quote,insight,tagged
ps-00000,play_store,"Google Photos is a convenient and reliable app for storing, organizing, and managing photos and videos. I really like the automatic backup, smart search, albums, and easy sharing features. The ability to search for specific people, places, or things makes finding old photos much easier. I also enjoy the editing tools, memories, and helpful suggestions for creating collages and other photo creations. Overall, Google Photos makes it easy to keep precious memories organized and backed up.",,2026-09-19,5.0,in,False,other_or_unclear,not_stated,unknown,casual,not_stated,,,,,,,True
ps-00001,play_store,"Comparing to Flickr the upload and organization feature is better. Loved the mini AI tool - the Assistant of suggesting artifacts. Liked the app and love to have more better UX in next releases, though it's still a good one. +1 BTW, would love to have the feature: Local photo vs. Synced photo filter will let us easily distinguish the non-synced items, instead searching through all the mess.",,2026-09-18,4.0,in,False,other_or_unclear,not_stated,unknown,casual,not_stated,,,,,,,True
ps-00002,play_store,good 👍 edit : I can't find the photo to video thing and I really liked it so If you can add it back I will definitely put more stars but for now only 2. edit: ok this is sooo much better,,2026-09-18,5.0,in,False,other_or_unclear,not_stated,unknown,casual,not_stated,,,,,,,True
ps-00003,play_store,"Serves as a top-tier digital archive and secondary media backup solution.Its facial recognition,contextual search and automated cloud sync options simplify photo management,making image retrieval effortless.",,2026-09-18,5.0,in,False,other_or_unclear,not_stated,unknown,casual,not_stated,,,,,,,True
ps-00004,play_store,They added search to the Add To Album popup! Someone *is* reading all those feedbacks I send!!! Easy backup of photos and videos. Nice interface for browsing photos and videos.,,2026-09-18,5.0,in,False,other_or_unclear,not_stated,unknown,casual,not_stated,,,,,,,True
ps-00005,play_store,"sharing photos to Gemini or Signal or other app doesn't work - literally nothing happens. Search is useless - it doesn't come up with anything on first attempt, sometimes never",,2026-09-18,1.0,in,True,other_or_unclear,not_stated,unknown,casual,not_stated,,,,,Search is useless - it doesn't come up with anything on first attempt,User reports search consistently fails to return any results on first attempt.,True
ps-00006,play_store,Where are my missing album pictures that I uploaded from my Galaxy phone !Still missing!!! Also all the pictures I purchased from you in your photo book Gone! Titled albums do me no good when my pictures I had in them are missing!! Hope they find my photos or I will never use this again! It's been months now !,,2026-09-17,2.0,in,False,other_or_unclear,not_stated,unknown,casual,not_stated,,,,,,,True
ps-00007,play_store,"I'm a long time, heavy user of Google Photos & an Alphabet stockholder. Until yesterday Photos took <1 second to delete photos. Last night I downloaded the latest update. Now it takes 20 seconds per photo. Will Google ever learn to not screw up something that is working perfectly well, i.e. your Search! IF IT AIN'T BROKEN, DON'T ""FIX"" IT. What is wrong with y'all??",,2026-09-17,1.0,in,False,other_or_unclear,not_stated,unknown,casual,not_stated,,,,,,,True
ps-00008,play_store,"it's a perfect photo app it has tons of helpful things for your photos, like Gemini AI, AI editing, folders, collections, collages, and more for your photos!",,2026-09-17,5.0,in,False,other_or_unclear,not_stated,unknown,casual,not_stated,,,,,,,True
ps-00009,play_store,The latest update is horrible. Photos used to have the most amazing AI search. The search in this version is HORRIBLE. You keep becoming more like Apple and iPhone every day,,2026-09-17,1.0,in,True,other_or_unclear,not_stated,unknown,casual,not_stated,,,,,The search in this version is HORRIBLE,"User reports search quality degraded after update, but no specific retrieval attempt described.",True
ps-00010,play_store,"Google Photos is one of the most poorly designed apps that I've ever used. The search feature is very inaccurate, and you'll get a migraine before you locate what you're looking for through visual inspection.",,2026-09-17,1.0,in,False,other_or_unclear,not_stated,unknown,casual,not_stated,,,,,,,True
ps-00011,play_store,"This was the gold standard for the better part of a decade but as with all things Google it's been getting worse and worse the last few years, especially as they try to shoehorn more AI into it. Search is somehow worse now, and I don't like that my Google drive just got upgraded to an AI plan without my consent. I'm currently backing everything up to migrate to something else so I can cancel my Google drive subscription.",,2026-09-17,1.0,in,False,other_or_unclear,not_stated,unknown,casual,not_stated,,,,,,,True
ps-00012,play_store,it would be ok if it stopped taking money from my bank account I put money in turn around and Google's got it also I've lost my photos don't know how to retrieve them,,2026-09-16,5.0,in,False,other_or_unclear,not_stated,unknown,casual,not_stated,,,,,,,True
ps-00013,play_store,love this lost pics and located most,,2026-09-16,5.0,in,True,other_or_unclear,not_stated,found,casual,not_stated,,,,,lost pics and located most,User successfully found most lost photos via search.,True
ps-00014,play_store,"why did you have to screw up the magic eraser? there were many features that were great and you add them in and then take them away guess it depends on which Android model you have like if you have the pixel or if you have the $30 Motorola from Walmart yeah, kind of makes sense, but also it really doesn't. does anyone remember when they had the change your text into Old English and other fun things yeah what happened to that come on now Google",,2026-09-16,3.0,in,False,other_or_unclear,not_stated,unknown,casual,not_stated,,,,,,,True
ps-00015,play_store,"Pixel 10. Forced Updates. TEXT/SUBJECT search is FAIL. ""Car Engine"" - have 100s of repair photos But Only 15 Show? Often AI says ""none""or wonky/useless ""results"" includes ALOT (100s +) irrelevant results. Edited Image cannot be reedited, reverts to original photo😖 Organization is dreadfull. Cannot Sort FOLDERS or PEOPLE by Name, result is a jumbled mess . Many important faces NOT FOUND so edit & Create PEOPLE w/name & App still not autoadded But Fuzzy Background Nobody faces are 🤯",,2026-09-15,1.0,in,True,object_or_product,misinterpreted,unknown,casual,ask_photos,object|text_in_photo,,,Car Engine,have 100s of repair photos But Only 15 Show,AI search returned too few results or many irrelevant ones for specific object queries.,True
ps-00016,play_store,The image search feature has actually gotten worse.,,2026-09-15,2.0,in,False,other_or_unclear,not_stated,unknown,casual,not_stated,,,,,,,True
ps-00017,play_store,"Google is the best! They have kept all of my pictures for 10 + years. Gemini is also great. without details, I have saved important papers, and taught some important information so I don't erase it. great patient accurate 👍😀",,2026-09-15,1.0,in,False,other_or_unclear,not_stated,unknown,casual,not_stated,,,,,,,True
ps-00018,play_store,"You can no longer search your photos without turning on Backup. Time for a new App, goodbye Photos. Update: Google Dark Patterns and Prevent Uninstallation. Actually Photos pretends you can uninstall it, but it just hides, uploading all your data to the cloud against your will. I smell a class action lawsuit brewing..",,2026-09-15,1.0,in,False,other_or_unclear,not_stated,unknown,casual,not_stated,,,,,,,True
ps-00019,play_store,"2026 Edit: The search feature has turned to trash. Stop making your apps worse. Google Photos, Google Maps—both were way better, now I'm leaving for competitors.…………………………………….….……… 2023 Edit: Latest update ruined the editing options.",,2026-09-15,1.0,in,False,other_or_unclear,not_stated,unknown,casual,not_stated,,,,,,,True
ps-00020,play_store,Search is absolutely worthless.,,2026-09-15,1.0,in,False,other_or_unclear,not_stated,unknown,casual,not_stated,,,,,,,True
ps-00021,play_store,I can't label my face or search for it,,2026-09-14,1.0,in,False,other_or_unclear,not_stated,unknown,casual,not_stated,,,,,,,True
ps-00022,play_store,"i had no issues with this app until recently, this week to be precise, my entire WhatsApp images and WhatsApp videos files have disappeared. I searched the entire app there is no site of WhatsApp images and WhatsApp videos. how can I get them back",,2026-09-13,2.0,in,True,other_or_unclear,not_in_library,gave_up,urgent,not_stated,source_app,,scroll_timeline,,my entire WhatsApp images and WhatsApp videos files have disappeared,"WhatsApp media backed up to Photos disappeared, suggesting deletion or sync failure.",True
ps-00023,play_store,"Another Google app that's becoming more and more infuriatingly unusable by the day. I love the Gemini app itself and I pay an additional fee for it, but when integrated into other Google Apps such as photos it just plain sucks. 😢 in particular search functions now terrible I can't find any photos of looking for and most of the time the deletion and creation of new photos are impossible to sync up between my iPad and my Google pixel phone. integrating Gemini into so many apps so fast seems to",,2026-09-13,3.0,in,False,other_or_unclear,not_stated,unknown,casual,not_stated,,,,,,,True
ps-00024,play_store,"Google Photos helps me find my photos of everything I've taken a picture of like my favorite main characters, wonderful places and more. 👍❤️💛💙",,2026-09-12,5.0,in,False,other_or_unclear,not_stated,unknown,casual,not_stated,,,,,,,True
ps-00025,play_store,even after backed up photos there are no chance to found same face person after search the name of person🥴😑,,2026-09-12,1.0,in,True,people_or_event,misinterpreted,gave_up,casual,classic,person|text_in_photo,,,name of person,no chance to found same face person after search the name,Searching by person's name failed to return photos of that face.,True
ps-00026,play_store,Search function doesn't work without back up. I want to use the functions of my phone not some cloud service.,,2026-09-12,1.0,in,False,other_or_unclear,not_stated,unknown,casual,not_stated,,,,,,,True
ps-00027,play_store,"Please bring back the face tracking/auto-zoom feature in Google Photos! On my Pixel 6, I could select a subject’s face in a video, and Google Photos would automatically zoom in and follow the face throughout a selected part of the video. I’m now using a Pixel 8 Pro, and I can’t find this feature anymore. It was incredibly useful. Please bring it back!",,2026-09-11,5.0,in,False,other_or_unclear,not_stated,unknown,casual,not_stated,,,,,,,True
ps-00028,play_store,you guys need to fix it where it recognizes my lizard as a pet. id like to add her as a pet so Gemini knows what she looks like but there isn't a manual way of doing that. please fix this. it's incredibly stupid. CAN WE PLEASE HAVE CONTROL OVER THE PEOPLE AND PETS STUFF!!?? You guys have got to pull your heads out and fix your entire ecosystem of services. Stuff is getting way worse.....,,2026-09-11,1.0,in,False,other_or_unclear,not_stated,unknown,casual,not_stated,,,,,,,True
ps-00029,play_store,it makes me remember memorable moments of my life,,2026-09-11,5.0,in,False,other_or_unclear,not_stated,unknown,casual,not_stated,,,,,,,True
ps-00030,play_store,very amazing photos that help to find my old photos,,2026-09-11,5.0,in,True,other_or_unclear,not_stated,found,sentimental,not_stated,rough_time,,,,very amazing photos that help to find my old photos,User succeeded in finding old photos; no retrieval failure described.,True
ps-00031,play_store,"Hate the update, no longer able to search without using Gemini, which I also hate. Have disabled Gemini, because I couldn't search anything, without it popping up several times, even though I had already said no, and closed it. *Editing to add, since there's no way to reply to your reply. Ask photos also requires Gemini, so that doesn't help at all. Thanks for nothing 👍🏻",,2026-09-11,1.0,in,True,other_or_unclear,not_stated,gave_up,casual,both,,,,,"no longer able to search without using Gemini, which I also hate","User disabled Gemini and lost search ability; complaint about feature change, not a specific retrieval attempt.",True
ps-00032,play_store,"Whenever I open the Videos section in Google Photos, the thumbnails are automatically zoomed in. This happens every time, forcing me to manually zoom out before I can comfortably browse my videos. It’s quite inconvenient. Please fix this issue so the Videos section opens at the normal/default zoom level or remembers the user's preferred zoom setting. Thank you!",,2026-09-11,2.0,in,False,other_or_unclear,not_stated,unknown,casual,not_stated,,,,,,,True
ps-00033,play_store,The only reason I was using Photos is because of the image search. Now if I don't continue with Gemini I don't get to have a decade old feature? The search results are worse than how it was on my OG Pixel!,,2026-09-11,1.0,in,True,other_or_unclear,not_stated,unknown,casual,both,rough_time,,,,The search results are worse than how it was on my OG Pixel,User reports degraded search quality after Gemini integration; no specific retrieval attempt described.,True
ps-00034,play_store,"Something annoying happened in the recent version! I usually edit pictures and send them to friends. Now, after I edit them, although I see them in the gallery, when I try to choose from FB or Whatsapp - I can't find the edited ones at all! I tried to search in different folders - nothing... Update after the developer's replay: I waited enough time, the photos didn't appear in my gallery till now (after a week!) And even more - I see them in the gallery on my old Pixel 3",,2026-09-11,1.0,in,False,other_or_unclear,not_stated,unknown,casual,not_stated,,,,,,,True
ps-00035,play_store,Incredibly stupid how it can't find photos from my gallery,,2026-09-11,1.0,in,True,other_or_unclear,not_stated,unknown,casual,not_stated,,,,,it can't find photos from my gallery,Generic complaint about search failure with no specific attempt or memory cues described.,True
ps-00036,play_store,it's not bad because I find my photos,,2026-09-10,4.0,in,True,other_or_unclear,not_stated,found,casual,not_stated,,,,,I find my photos,User reports successful photo finding; no retrieval failure.,True
ps-00037,play_store,amazing .. 😍 .....it is easy to use and search photo,,2026-09-10,5.0,in,True,other_or_unclear,not_stated,found,casual,not_stated,,,,,it is easy to use and search photo,User praises search ease; no retrieval failure described.,True
ps-00038,play_store,I have lost photos from previous phones I have had to cancel due to senior fraud thru dispute department at bank. no existing pictures of my sister who passed away in 2024 or 2025. hVe,,2026-09-10,3.0,in,False,other_or_unclear,not_stated,unknown,casual,not_stated,,,,,,,True
ps-00039,play_store,"terrible, totally user unfriendly and useless. l can't find what l need, it keeps pictures l don't want anymore, can't even disable it's permissions.",,2026-09-10,1.0,in,True,other_or_unclear,not_stated,gave_up,casual,not_stated,,,,,I can't find what I need,Generic complaint about inability to find photos with no specific search attempt described.,True
ps-00040,play_store,"I can no longer search my photos for people, colors, objects or words (etc). trying to ask Gemini doesn't work and just sends me back to the search page which always yeilds no results.",,2026-09-10,3.0,in,True,other_or_unclear,not_stated,unknown,casual,both,,,,,trying to ask Gemini doesn't work and just sends me back to the search page,User reports AI and classic search both fail; no specific attempt described.,True
ps-00041,play_store,"AI on this is the dumbest, sorry. I need an option to search for photos without the use of Artificial Insanity please.",,2026-09-10,1.0,in,False,other_or_unclear,not_stated,unknown,casual,not_stated,,,,,,,True
ps-00042,play_store,"I can't find any of my photos that they took off of my gallery. I hate Google photos. this app takes my well organized photos off of my phone and organizes them in a way that I can't find anything. I don't want their storage. I am afraid to uninstall cus it may delete all of my photos. if I do get them back i will never be able to organize them the way I had them. oh! this makes me so mad. wish i could take googles photos, and scramble them up. HEY GOOGLE! Give me my photos back!",,2026-09-09,1.0,in,False,other_or_unclear,not_stated,unknown,casual,not_stated,,,,,,,True
ps-00043,play_store,"Search used to be effortless, but the latest updates ruined it. It can't locate anything anymore even obvious photos that I know are right there in my library. Frustrating to see a core feature stop working properly. peak enshittification",,2026-09-09,1.0,in,True,other_or_unclear,not_stated,unknown,casual,not_stated,,,,,can't locate anything anymore even obvious photos that I know are right there,General complaint about search breakage; no specific search attempt or results described.,True
ps-00044,play_store,"edit: I fixed the problem, used an apk to download version 7.90! the last update to the UI has made this app unusable. I cant find any of the photos im looking for, things are no longer grouped by date, some photos dont show up at all in the main grid and now i have to dig in collections to find them, theres so many more issues too. the app worked amazingly before this update, I will look into downloading an older version and recommend others do the same or avoid updating if you havent yet",,2026-09-09,1.0,in,False,other_or_unclear,not_stated,unknown,casual,not_stated,,,,,,,True
ps-00045,play_store,"remember to NOT remove the ""Save as copy"" option after editing a content. Ever!",,2026-09-09,5.0,in,False,other_or_unclear,not_stated,unknown,casual,not_stated,,,,,,,True
ps-00046,play_store,it helps to recover the lost pictures more especially for long picture you took like for some years it is able to bring it back as long as it was on back up mode,,2026-09-09,4.0,in,False,other_or_unclear,not_stated,unknown,casual,not_stated,,,,,,,True
ps-00047,play_store,"Google Photos is a very useful and easy-to-use app for storing, organizing and viewing photos and videos. The backup feature is really helpful, and the search and editing tools make managing photos much easier. Overall, a great app for keeping memories safe. ⭐⭐⭐⭐⭐",,2026-09-09,5.0,in,False,other_or_unclear,not_stated,unknown,casual,not_stated,,,,,,,True
ps-00048,play_store,It's a pain in the neck to find the photos that I need. They are not organized by category as you claim this version would do. I now I have to pay every month? What's up with that? I have so many pictures & now I have to move them somewhere else. followed the steps and still can't find what I need.,,2026-09-09,1.0,in,True,other_or_unclear,not_stated,unknown,casual,not_stated,,,,,followed the steps and still can't find what I need,Search fails after attempting steps; lack of organization and search failures mentioned together.,True
ps-00049,play_store,"Waste more time trying to dismiss constant nagging to try their AI slop. Why do I pay so much for storage, and then get nagged with some dumb feature nobody wants. Just let me store my photos like I pay for. **After forcing us to use albums instead of folders, search hasn't even worked for years. Want to find a photo or folder with an exact name...doesn't work. It will use useless AI to find a thousand unrelated pictures it thinks are similar instead of the one picture with the exact name.",,2026-09-08,1.0,in,True,other_or_unclear,misinterpreted,gave_up,casual,both,text_in_photo,,,,find a photo or folder with exact name...doesn't work. It will use useless AI to find a thousand unrelated pictures,Exact name search returns unrelated AI results instead of matching the exact query.,True
ps-00050,play_store,"Completely messed up the search function. It used to be really simple to search, now there's about 3 more unnecessary steps added for no upside as far as I can see. Please reinstate the old UI.",,2026-09-08,1.0,in,False,other_or_unclear,not_stated,unknown,casual,not_stated,,,,,,,True
ps-00051,play_store,Lacking image search features and Gemini integration.,,2026-09-08,2.0,in,False,other_or_unclear,not_stated,unknown,casual,not_stated,,,,,,,True
ps-00052,play_store,Google pass search picture Google photo,,2026-09-08,5.0,in,False,other_or_unclear,not_stated,unknown,casual,not_stated,,,,,,,True
ps-00053,play_store,"I don't like how the app constantly rearrange photos, making them very difficult to find. I also don't appreciate the app creating slide shows on its own. For example, the app took pictures of my mom not along after she passed. She was very ill and the pictures were her at her worst. I was shocked the app used the pictures and, without my permission, put together a slide show. It was painful to see. Perhaps there is a way to shut off this feature, but I can't find it. Not a fan of this app",,2026-09-08,2.0,in,False,other_or_unclear,not_stated,unknown,casual,not_stated,,,,,,,True
ps-00054,play_store,What happened to this app? Crashes every time I try to edit a video making the editing feature completely useless. Can't use any other apps at the same time (e.g. Spotify) because it will cause other apps to crash when you open Google photos. I will be cancelling my subscription and looking for storage from competitors soon since this was one of the reasons I started paying for it.,,2026-09-08,1.0,in,False,other_or_unclear,not_stated,unknown,casual,not_stated,,,,,,,True
ps-00055,play_store,"Uploaded over 4.5 Gig of my Photos to a Cloud that I don't trust without my permission after an Update. A Major Privacy threat, that made it very difficult to also find the settings to stop it. While using expensive Data and not WiFi.",,2026-09-07,1.0,in,False,other_or_unclear,not_stated,unknown,casual,not_stated,,,,,,,True
ps-00056,play_store,Love this app. The UI is beautiful. I do wish we could use hash tags to make searching faster.,,2026-09-07,5.0,in,False,other_or_unclear,not_stated,unknown,casual,not_stated,,,,,,,True
ps-00057,play_store,"It's terrible, it backs the pics up before I get a chance to edit them, then I can't find then again to save my storage space. Worst app ever, shame on you google. Thanks for the advice on how to use the product correctly . I still have trouble, I just don't whinge about it so openly, anymore.",,2026-09-07,4.0,in,False,other_or_unclear,not_stated,unknown,casual,not_stated,,,,,,,True
ps-00058,play_store,"The photos aren't lost, they are 6 yr old photos that are present in the Google Photos Cloud. I restored them to a phone so I may edit them and use them. Restored images are sitting on their original calendar dates instead of the top. How can you expect anyone using a photo editing app or other app to spend time scrolling through 2026 to 2020 images when they have a lot of images? It never used to be like this. Your links are not relevant to the issue. Something changed on the backend. Thanks",,2026-09-07,1.0,in,False,other_or_unclear,not_stated,unknown,casual,not_stated,,,,,,,True
ps-00059,play_store,"I still wish map search was available on the desktop as well as the app. other than that, I'm happy",,2026-09-06,4.0,in,False,other_or_unclear,not_stated,unknown,casual,not_stated,,,,,,,True
ps-00060,play_store,I can't find the photos that I need.,,2026-09-06,1.0,in,True,other_or_unclear,not_stated,unknown,casual,not_stated,,,,,I can't find the photos that I need.,User cannot locate specific photos but provides no details of what they tried.,True
ps-00061,play_store,"Was 5☆ rating till Feb/Mar 2023 when Google Photos changed for worse then got better, then again 2026-09-06 UK Google Photos App stopped offering in Twitter/@X add/upload from Google Photos pic but only a pic from unsearchable Samsung Galley impossible to do when 50,000+pics!!!",,2026-09-06,1.0,in,False,other_or_unclear,not_stated,unknown,casual,not_stated,,,,,,,True
ps-00062,play_store,This app is total trash. with every update. it ruins the ability to search and find photographs. It keeps trying to force AI into managing photographs. The simple act of trying to find a photo on a particular date is impossible. This is total and absolute AI garbage.,,2026-09-06,1.0,in,True,other_or_unclear,not_stated,unknown,casual,ask_photos,rough_time,,,,The simple act of trying to find a photo on a particular date is impossible.,"User reports AI search fails to find photos by date, but no specific search attempt described.",True
ps-00063,play_store,can you find my pictures from 2020 threw 2024,,2026-09-06,5.0,in,True,other_or_unclear,not_stated,unknown,casual,not_stated,rough_time,,,pictures from 2020 threw 2024,can you find my pictures from 2020 threw 2024,User asks for photos by year range but outcome of search attempt unclear.,True
ps-00064,play_store,Great editing features. It would be improved hugely if the facial organisation allowed efficient manual rearrangement. Removing faces takes a really long time as well as not being able to delete categories which the app has made which may consist of completely random photos. You also cannot manually add photos to a face which is annoying. The worst feature however is the search function constantly never working and showing blanks for even the suggested search.,,2026-09-06,3.0,in,True,other_or_unclear,misinterpreted,gave_up,casual,classic,,,,,search function constantly never working and showing blanks for even the suggested search.,"Suggested searches return blanks, forcing user to abandon search attempts.",True
ps-00065,play_store,"The App Was Good For Sending GIF And Photos In Games, But Forbids Me From Sending Any GIF to certain games I have currently, which currently they are not inappropriate, there been updates with that and to the fact that it not letting me send any GIF in Games. Every Time I Find A New App To Replace It, It Still Shows The Same Exact Thing. The Protection and Sending was good for once, but the GIF Part Needs Fixing In Certain Games. Overall I Give It 3.2 Stars, Because it needs fixing but good.",,2026-09-06,3.0,in,False,other_or_unclear,not_stated,unknown,casual,not_stated,,,,,,,True
ps-00066,play_store,"1/28/2026 MINUS, MINUS ZERO!!! THE CROPPING TOOL IS TERRIBLE 😡😡😡 I ABSOLUTELY HATE THIS NEW UPDATE😡BRING BACK THE OLD GOOGLE PHOTOS!!!! THESE UPDATES GETS WORSE WITH EACH UPDATE!!! 9/6/26. . THE SEARCH. BUTTON SHOULD HAVE NEVER BEEN UPDATED AT ALL IN THE FIRST PLACE. AI CAN NEVER, EVER FIND MY PHOTOS. ""GOOGLE PHOTOS"" UPDATES ARE HORRENDOUS 😲😲😲!!!!!!!! FIRE ai !!!!! FIRE ai !!!!!!!!!!",,2026-09-05,1.0,in,True,other_or_unclear,not_stated,gave_up,casual,ask_photos,,,,,"AI CAN NEVER, EVER FIND MY PHOTOS.","User complains AI search fundamentally fails, but no specific attempt details provided.",True
ps-00067,play_store,where is the app on my phone. looked for pinwheel cant find it.,,2026-09-05,4.0,in,False,other_or_unclear,not_stated,unknown,casual,not_stated,,,,,,,True
ps-00068,play_store,GEMINI SERVICES ♊️ 💎 DJINN J/$1369.00,,2026-09-05,5.0,in,False,other_or_unclear,not_stated,unknown,casual,not_stated,,,,,,,True
ps-00069,play_store,worst experience lost my photos,,2026-09-05,1.0,in,False,other_or_unclear,not_stated,unknown,casual,not_stated,,,,,,,True
ps-00070,play_store,I just love Google...they are always ready to help me in every situation. I can never remember my passwords but they help me get into my account! Security isn't bad either they helped me recover an old account. Love Google!!!,,2026-09-04,5.0,in,False,other_or_unclear,not_stated,unknown,casual,not_stated,,,,,,,True
ps-00071,play_store,"For some reason, I can't seem to find the search function on my google photos, i dont want to use the Gemini ai thing, so please remove it",,2026-09-04,1.0,in,True,other_or_unclear,not_stated,unknown,casual,not_stated,,,,,I can't seem to find the search function on my google photos,"User unable to locate search feature, possibly confused by new Gemini AI interface.",True
ps-00072,play_store,"photos is great, but the new update they put in for music playing over the ""memories"" is very annoying! I can't hear the original audio and I can't find an option to turn the music off. I'd be giving 5 stars for this rating if that was fixed!",,2026-09-03,4.0,in,False,other_or_unclear,not_stated,unknown,casual,not_stated,,,,,,,True
ps-00073,play_store,"AVOID USING AT ALL COST!!! FIND A DIFFERENT PROGRAM AT ALL COST!! they have removed the ability to create albums on your own phone. they store somewhere else, and it tricks you into thinking they are on your own phone. they were notified of this problem and just don't care... they would get zero stars if it was possible.",,2026-09-03,1.0,in,False,other_or_unclear,not_stated,unknown,casual,not_stated,,,,,,,True
ps-00074,play_store,amazingly satisfied....you can get your old photos that you don't remember but this app remembers....,,2026-09-03,5.0,in,True,other_or_unclear,not_stated,found,casual,not_stated,,exact_date|exact_words|person_name|place_name,,,you can get your old photos that you don't remember but this app remembers,User appreciates app's ability to surface forgotten photos despite poor recall.,True
ps-00075,play_store,PLEASE add the option to size all previews in the grid-based gallery view the same size. I do NOT want any of my photos randomly 4 times the size of the others using up 4 spots on the screen it makes it really jarring to scroll through searching for a particular photo.,,2026-09-03,3.0,in,False,other_or_unclear,not_stated,unknown,casual,not_stated,,,,,,,True
ps-00076,play_store,"I spent 15 or 20 minutes looking for the sync button to restore from a backup on my new device, and you know what? IT'S NOT THERE! There's simply no way to restore the backup to the device. Why should I spend money on your drive if I can't just restore it? Download thousands of files one by one? No thanks.",,2026-09-03,1.0,in,False,other_or_unclear,not_stated,unknown,casual,not_stated,,,,,,,True
ps-00077,play_store,"Photos used to be the perfect photos app. it had the best search funding of any app. I used to race iphone users to see how far we could find the same photo and I always won. Now this near perfect search function has been replaced by AI, which not only doesn't return the photos I'm looking for, it actually acts as a stumbling block to me finding them. It's slow and inefficient. Another perfectly good tool ruined in the name of trying to convince us that AI is inevitable.",,2026-09-02,1.0,in,True,other_or_unclear,misinterpreted,gave_up,casual,both,,,,,"AI doesn't return the photos I'm looking for, acts as stumbling block to finding them","AI search replaces classic search, returns wrong results, forcing user abandonment.",True
ps-00078,play_store,"the app is actually good. you can do a lot of things to edit photos or videos, the search bar and the app automatically selects photos of different people and store in one place. my problem is the need for data/wifi connection to access/view the photos and videos, also the very small storage is very annoying to deal with I cant upload my stuff and most of my files can't be deleted. pls it add at least 5 more GB of free storage but overall the app is great",,2026-09-02,4.0,in,False,other_or_unclear,not_stated,unknown,casual,not_stated,,,,,,,True
ps-00079,play_store,remember our past memories sweetly,,2026-09-02,5.0,in,False,other_or_unclear,not_stated,unknown,casual,not_stated,,,,,,,True
ps-00080,play_store,"Since my last review the app has improved dramatically. However, there is still one niggle. The taskbar could do with being able to modify to suit. I would rather organise that to Collections, Photos, Search, Create as this is the most used order.",,2026-09-02,4.0,in,False,other_or_unclear,not_stated,unknown,casual,not_stated,,,,,,,True
ps-00081,play_store,"it took several hours to upload 60 photos and the Magic Eraser app has never completed a task. s26 phone and up to date... gonna keep trying, wish me luck! I would like to add, many thanks to the team for your quick reply and looking forward to it being in full effect for my phone... my Mom recommended it to me and the results on her phone were fantastic, hence the confidence in what it can do 😉💫",,2026-09-01,3.0,in,False,other_or_unclear,not_stated,unknown,casual,not_stated,,,,,,,True
ps-00082,play_store,excellent work if I lost pictures then this app recovered my picture easily.,,2026-09-01,5.0,in,False,other_or_unclear,not_stated,unknown,casual,not_stated,,,,,,,True
ps-00083,play_store,this one Image Created Ai Gemini,,2026-09-01,5.0,in,False,other_or_unclear,not_stated,unknown,casual,not_stated,,,,,,,True
ps-00084,play_store,"Why does it continue to back up photo files I have selected to NOT back up? UPDATE 09-01-26 It is STILL DOING THIS...despite the fact that you say it doesn't or hasnt- and yet after BUYING EXTRA STORAGE 2 YEARS AGO , I am being prompted that I am AGAIN SO THAT EVERYTHING I AM RUNNNG HAS SPACE TO BE BACKED UP ??? PLEASE ANSWER THIS QUESTION BECAUSE I CANT FIND AN ANSWER ON GOOGLE AND WE ALL KNOW THAT MOST *** ""REQUIRED APPS"" FOR ANDROID USE ARE ***ABSOLUTELY REQUIRED AND CANNOT BE DELETED*** ???",,2026-09-01,3.0,in,False,other_or_unclear,not_stated,unknown,casual,not_stated,,,,,,,True
ps-00085,play_store,"Hate it. I cant stand how it automatically stores my photos in Numerous different folders without asking me where I want them, it makes it SO much more difficult to easily find what I'm looking for when they're scattered in 12 different places that don't even make sense together.",,2026-09-01,1.0,in,False,other_or_unclear,not_stated,unknown,casual,not_stated,,,,,,,True
ps-00086,play_store,"previous version was way better, in editing and search... Current updates doesn't have Magic eraser, and few edits shows error- no internet connection though we are connected to internet.",,2026-09-01,5.0,in,False,other_or_unclear,not_stated,unknown,casual,not_stated,,,,,,,True
ps-00087,play_store,"extremely poor and non user friendly app. keeps crashing, keeps throwing random errors. 1 star for the search thats the only good thing.",,2026-09-01,1.0,in,True,other_or_unclear,not_stated,unknown,casual,not_stated,,,,,1 star for the search thats the only good thing,User reports search as the sole working feature despite app crashes.,True
ps-00088,play_store,"still a horror show of usability for editing (no I'm not going to use Gemini to create AI slop) and the timeline doesn't show all photos even if they're tagged with location and timestamp (same on browser, so it's not just the app).",,2026-08-31,2.0,in,False,other_or_unclear,not_stated,unknown,casual,not_stated,,,,,,,True
ps-00089,play_store,your app keeps glitching and its lagging it glitches photos and I cant scroll properly,,2026-08-31,2.0,in,False,other_or_unclear,not_stated,unknown,casual,not_stated,,,,,,,True
ps-00090,play_store,need to work on search features,,2026-08-31,3.0,in,False,other_or_unclear,not_stated,unknown,casual,not_stated,,,,,,,True
ps-00091,play_store,"Ongoing issue for some time now. It fails to recognise pets in a lot of photos. If I type in search bar ""dogs"", those pet photos appear, however if I just go through People and Pets, photos do not appear despite turning on the pets function. It recognises some but not others... edit: face groups was turned on and still not working..",,2026-08-31,2.0,in,True,pet,misinterpreted,found,casual,classic,object,,other_app,dogs,"If I type in search bar 'dogs', those pet photos appear, however if I just go through People and Pets, photos do not appear",Photos searchable by keyword but not indexed in dedicated pet category feature.,True
ps-00092,play_store,I can't retrieve a lost photo that I'm trying to find in the trash,,2026-08-30,5.0,in,True,other_or_unclear,not_in_library,gave_up,urgent,not_stated,,,,,I can't retrieve a lost photo that I'm trying to find in the trash,Photo stuck in trash or inaccessible despite user knowing it exists.,True
ps-00093,play_store,App has removed photos without permission and now blocks image searches. I have yet to find a way to turn the Al off between this app and Google search.,,2026-08-30,1.0,in,False,other_or_unclear,not_stated,unknown,casual,not_stated,,,,,,,True
ps-00094,play_store,"This App won't let me do what I want to do, which is to copy my photos from my phone to my PC. All the ways described in Gemini (Which is a superb AI except when telling you what to do to transfer Photos from your phone to your PC!) AND this stupid ""app"" only shows one line at a time. What is wrong with you people? Do you want everyone to transfer to iphones? Underlining iphones won't make them go away.",,2026-08-30,1.0,in,False,other_or_unclear,not_stated,unknown,casual,not_stated,,,,,,,True
ps-00095,play_store,"good app terrible amount of nagging ads. ""get a Google one subscription!"" ""use Gemini!"" ""use ai in your photos!"" but we're locked into Google's Android. not like they'll listen to us when some manager can post ""we've increased our Google one subscriptions by XX% with our latest campaign!"" the future sucks.",,2026-08-30,1.0,in,False,other_or_unclear,not_stated,unknown,casual,not_stated,,,,,,,True
ps-00096,play_store,sharing images is pure pain. Older folks have hard time viewing shared pics. They are often times routed to the middle of the scroll seeing old pics and assuming there is nothing new shared.,,2026-08-29,2.0,in,False,other_or_unclear,not_stated,unknown,casual,not_stated,,,,,,,True
ps-00097,play_store,Google Photos is fantastic for backing up all my pictures automatically. The search feature is really smart and makes finding memories incredibly easy.,,2026-08-29,5.0,in,False,other_or_unclear,not_stated,unknown,casual,not_stated,,,,,,,True
ps-00098,play_store,"it's been a life saver for a moments notice when you want to find that one special picture of a loved one, a memory you've shared.",,2026-08-29,5.0,in,False,other_or_unclear,not_stated,unknown,casual,not_stated,,,,,,,True
ps-00099,play_store,"After Brain research gray madder matters , what I am trying to say is at 68 I have to learn how to use my phone and everything else without a memory.I can't remember anything very long.Its been alot of fun and not.",,2026-08-28,4.0,in,False,other_or_unclear,not_stated,unknown,casual,not_stated,,,,,,,True
ps-00100,play_store,"Enough with the frequent modals trying to get me to activate Gemini so I can do ""AI"" nonsense to my photos. If I ever decide I want it I can go enable it myself. Edited to add: This is supposed to be my photos app. Not a shopping app and certainly not a fashion app. I don't want pictures of my wardrobe. I even disabled wardrobe in settings yet the big square for wardrobe is still in the collections tab. Attn Product Manager for Photos: STOP TRYING TO JUICE YOUR DUMB KPI for your bonus.",,2026-08-28,1.0,in,False,other_or_unclear,not_stated,unknown,casual,not_stated,,,,,,,True
ps-00101,play_store,Too big space find a away to compress,,2026-08-28,4.0,in,False,other_or_unclear,not_stated,unknown,casual,not_stated,,,,,,,True
ps-00102,play_store,New updates are absolutely horrible! Also so obnoxious I can't delete or move photos by selecting the select all button anymore... I have to select each and every one I have to select each and everyone individually which is extremely time-consuming. (Upset Android user) ... also obnoxious editing pops up to tell you what album to find the photos in. this is obnoxious annoying and time-consuming I hate it all 💢 I've noticed me upon numerous others are complaining about all these issues. F AI,,2026-08-27,1.0,in,False,other_or_unclear,not_stated,unknown,casual,not_stated,,,,,,,True
ps-00103,play_store,"Got another full screen ad for Gemini AI slop today. How many times do I have to say ""no"" before you stop asking? No means no. No does not mean ask again later.",,2026-08-27,1.0,in,False,other_or_unclear,not_stated,unknown,casual,not_stated,,,,,,,True
ps-00104,play_store,I don't know what's going on lately with Google photos I can't find anything everything is not where it used to be you keep adding folders you remove folders there's too many folders can we do something about showing people how to simplify it I don't need 30 folders,,2026-08-27,1.0,in,True,other_or_unclear,not_stated,unknown,casual,not_stated,,,,,I can't find anything everything is not where it used to be,Too many folders and disorganized UI makes finding photos harder.,True
ps-00105,play_store,I cant find some of my photos it disappears on its own,,2026-08-27,3.0,in,True,other_or_unclear,not_in_library,unknown,sentimental,not_stated,,,,,I cant find some of my photos it disappears on its own,"Photos vanished from library unexpectedly, making retrieval impossible.",True
ps-00106,play_store,"Google Photos is an excellent app for storing, organizing, and backing up photos and videos. The search and automatic organization features are very useful, and it makes finding old memories easy. Overall, a simple, reliable, and user-friendly photo storage app. Highly recommended! 📸✨",,2026-08-27,5.0,in,False,other_or_unclear,not_stated,unknown,casual,not_stated,,,,,,,True
ps-00107,play_store,"Their photo-to-video filter is excessively strict. My wife and I tried a photo of us together and it was blocked. Yes we were fully clothed. We disabled Google photos and currently looking for a replacement. Being our photos our private, there shouldn't be a filter. I will not support an app that hits you with restrictions for your own private photos. If they fix this issue, we'll come back.",,2026-08-27,1.0,in,False,other_or_unclear,not_stated,unknown,casual,not_stated,,,,,,,True
ps-00108,play_store,I don't want Gemini. STOP ASKING,,2026-08-27,2.0,in,False,other_or_unclear,not_stated,unknown,casual,not_stated,,,,,,,True
ps-00109,play_store,"Hate the feel of this app. won't let you set it up how you want it. more complicated does now mean better. also stop asking to send me notifications I don't want them on now that's stuck at the top asking if I wanna turn it on you should NEVER make that a thing. I will be looking for something else. I want my pictures in one place, not in separate folders... or let me make albums and I'll put things where I want.",,2026-08-27,1.0,in,False,other_or_unclear,not_stated,unknown,casual,not_stated,,,,,,,True
ps-00110,play_store,can't find anything remotely useful,,2026-08-26,1.0,in,False,other_or_unclear,not_stated,unknown,casual,not_stated,,,,,,,True
ps-00111,play_store,HUGE PRIVACY VIOLATION WITH AI FEATURES. they use your personal photos to run them through ai filters and train their models. no one should access your sensitive data or kids' pictures for ai purposes. bragging so much about having a billion gemini users while forcing it on their users. straight up abusive. back up your photos and do not use this app as a file viewer,,2026-08-26,1.0,in,False,other_or_unclear,not_stated,unknown,casual,not_stated,,,,,,,True
ps-00112,play_store,love when backups give lost photos,,2026-08-26,5.0,in,False,other_or_unclear,not_stated,unknown,casual,not_stated,,,,,,,True
ps-00113,play_store,"Google Photos is the most useful app for storing and organizing photos. The automatic backup, easy search, albums, and sharing features make managing memories so convenient. Simple, reliable, and easy to use!",,2026-08-26,5.0,in,False,other_or_unclear,not_stated,unknown,casual,not_stated,,,,,,,True
ps-00114,play_store,"Google Photos is one of the best photo management apps! The backup, search, editing tools, and AI features make managing photos super easy and convenient. Love the clean experience! 📸✨",,2026-08-26,5.0,in,False,other_or_unclear,not_stated,unknown,casual,not_stated,,,,,,,True
ps-00115,play_store,THE SEARCH BOX IS NOT AVAILABLE WHEN I OPEN THE PROGRAM SO I HAVE TO CONTINUOUSLY KEEP UNINSTALLING THE PROGRAM AND HITTING THE UPDATE BUTTON ALMOST BY LUCK FOR THE PROGRAM TO OPERATE PROPERLY. GOOGLE PLEASE FIX THIS PROGRAM!,,2026-08-25,1.0,in,False,other_or_unclear,not_stated,unknown,casual,not_stated,,,,,,,True
ps-00116,play_store,app sucks can't search by meta tag without Google servers..,,2026-08-25,1.0,in,False,other_or_unclear,not_stated,unknown,casual,not_stated,,,,,,,True
ps-00117,play_store,"it was the best I can see past photos and remember memories that I forgot,I can also edit the photos that I want to edit. to the creator,thank you so much",,2026-08-25,5.0,in,True,other_or_unclear,not_stated,found,sentimental,not_stated,life_context,,,,I can see past photos and remember memories that I forgot,User successfully retrieved forgotten photos for sentimental value.,True
ps-00118,play_store,"Google Photos is an excellent app for storing, organizing, and managing photos and videos. Its automatic backup, powerful search, easy sharing, and editing tools make managing memories simple and convenient. I especially like how quickly it can find photos by people, places, or objects. The clean interface and smooth synchronization across devices make it a reliable choice. Overall, a must-have app for keeping your precious memories safe and organized.",,2026-08-25,5.0,in,False,other_or_unclear,not_stated,unknown,casual,not_stated,,,,,,,True
ps-00119,play_store,ai ruined the app. can't look at a photo without some ai putting an outline around the people in the photos. can't find a way to disable it. I'm definitely not giving it permission to use facial recognition.,,2026-08-25,1.0,in,False,other_or_unclear,not_stated,unknown,casual,not_stated,,,,,,,True
ps-00120,play_store,"When the Screenshots folder is opened it displays ‘photos missing from search Turn on backup’ message. All taken screenshots now appear in the Camera folder instead. I don’t use ‘backup’ & don’t want to, I use other methods that do not utilize search. This is frustrating and annoying.",,2026-08-24,4.0,in,False,other_or_unclear,not_stated,unknown,casual,not_stated,,,,,,,True
ps-00121,play_store,it's good but the fact that it doesn't show you everything Immediately makes me mad bc I keep having to go to collections to find my screenshots and screen recordings overall pretty good,,2026-08-24,4.0,in,True,screenshot_or_document,cant_evaluate,found,casual,not_stated,,,scroll_timeline,,doesn't show you everything immediately makes me mad,"Search returns too many or unclear results, forcing manual scrolling through collections.",True
ps-00122,play_store,"my phone had got wet and would come on, I couldn't retrieve anything!!! Soi can not get my 1700pics,m* mother passed and I have no way of replacing those pics.. my mom's gone and 90% of those pics was of her., I could never get the pic# because I couldn't remember my password to the account.. can I get help please...",,2026-08-24,4.0,in,True,people_or_event,not_in_library,gave_up,sentimental,not_stated,person,,,,my mother passed and I have no way of replacing those pics,"Photos lost due to device failure; backup unavailable, making retrieval impossible.",True
ps-00123,play_store,"✅one is important, as I want to search for particular image but I cannot search. 👍Thank you",,2026-08-24,5.0,in,True,other_or_unclear,cant_express,gave_up,casual,not_stated,,,,,I want to search for particular image but I cannot search,User cannot formulate or execute a search for a specific photo they want.,True
ps-00124,play_store,sometimes very difficult to find the photos that are saved. The app does not always tell you where it decides to save them so they become hidden photos.,,2026-08-24,2.0,in,True,other_or_unclear,not_in_library,gave_up,casual,not_stated,,,,,app does not always tell you where it decides to save them,Photos appear hidden because their save location is not transparent to the user.,True
ps-00125,play_store,"I love the new Ai additional help in the search bar. However, when I request a search using words I know are included in what I'm looking for, it comes up empty. I know with time this would be improved upon. All in all, I'm still extremely pleased with the app 👌🏽",,2026-08-24,5.0,in,True,other_or_unclear,misinterpreted,gave_up,casual,ask_photos,text_in_photo,,,,request a search using words I know are included comes up empty,AI search returned no results despite user providing known text keywords.,True
ps-00126,play_store,"Miss the old separation of photos by dates that left a break. This new continuous scrolling is messy, and annoying to locate photos based on date. Also, when trying to add locations to photos, when typing in the text box, nothing happens and pressing enter doesn't come up with anything to click.",,2026-08-23,3.0,in,False,other_or_unclear,not_stated,unknown,casual,not_stated,,,,,,,True
ps-00127,play_store,"Changes in app aren't reflected in Google photos on desktop. I only used the app because I can't see stacks of photos in the browser version. I thought this would be a good way to find and remove duplicate photos, since Google still does not have a duplicate removal tool. (I assume that this is because they want us to waste space in our accounts, so we have to pay for it.) After using the app on my Chromebook, I was disgusted to find that none of the photos I'd removed had actually been deleted.",,2026-08-23,2.0,in,False,other_or_unclear,not_stated,unknown,casual,not_stated,,,,,,,True
ps-00128,play_store,"Its Greate for Personnel use but its Not Good for Business Media content organise. because it doesn't super powerful identify, search & organise products and services photographs & their Data. it identified an organised only people and pets photographs and that the most weirdest thing I ever found in this Gphotos app. there's extremely high Need to improve this app for business use... 🙄🙄🙄🙄",,2026-08-23,3.0,in,False,other_or_unclear,not_stated,unknown,casual,not_stated,,,,,,,True
ps-00129,play_store,"Hi Google, I made a google account years ago in highschool and it has photos of me and my first boyfriend. Id love to access them. But i don't have my old sim card and i can't remember the password. Can someone please help me?",,2026-08-23,5.0,in,True,people_or_event,not_in_library,gave_up,sentimental,not_stated,person|rough_time,,,,I don't have my old sim card and can't remember the password,"User cannot access photos due to account authentication failure, not search.",True
ps-00130,play_store,"I really like how easy Google Photos makes it to share photos with friends and family. One thing I dont really like is the music they use when showing Memories. In the past, the music was often instrumental or no vocals, which I preferred. Now some of the songs have people singing which I find a bit distracting. I wish there was an option in the settings to change the type of music used for Memories.",,2026-08-23,4.0,in,False,other_or_unclear,not_stated,unknown,casual,not_stated,,,,,,,True
ps-00131,play_store,Kamal ki app hai jo bhi search karo p*** Mil jata jaise Google location Dali hamen kahin raste ka pata nahin chal raha to Google location dalen aur hamen tasviren edit karni ho kabhi bhi Google kam aata hai isase hamen bahut fayda hota hai Google ki ek alag hi duniya hai Jo har Kisi ko samajh nahin aati jisko samajh aati hai uske liye Google ki application bahut jyada padi vah insan Google ko jyada ahmiyat deta hai aur Google ko yah karna chahie is Tarah ki satellite banaen kyunki Ham life ke an,,2026-08-22,4.0,in,True,trip_or_place,not_stated,unknown,casual,not_stated,life_context|place,,other_app,,Google location dalen aur hamen tasviren edit karni ho kabhi bhi Google kam aata hai,User uses Google Maps as workaround when location-based photo search fails.,True
ps-00132,play_store,where are my gallery photos and camera and all my pics are gone I can't find them,,2026-08-22,2.0,in,False,other_or_unclear,not_stated,unknown,casual,not_stated,,,,,,,True
ps-00133,play_store,"It used to be a great app that worked seamlessly with my phones for as long as I can remember, but now with all the data price gouging and buggy updates, I can't give it the stars I used to sadly.",,2026-08-22,3.0,in,False,other_or_unclear,not_stated,unknown,casual,not_stated,,,,,,,True
ps-00134,play_store,Stop deleting my photos without my permission!I checked my trash and archive and the photos im looking for aren't there and i'm not close to the storage limit. I pay $3 a month for extra storage so you can save my photos not delete them! also you need to fix your pet recognition especially black cats because I can't spend hours sorting through hundreds of photos of three different black cats. literally every single photo of my black cats is under the wrong profile!,,2026-08-22,2.0,in,False,pet,not_stated,unknown,casual,not_stated,,,,,,,True
ps-00135,play_store,"Fix Google Photos, PLZZZZ! It used to be my favorite, GO TO for photos until a few weeks ago. I'm an artist, photographer, and major ADHD - I have come to rely on GP so much it's almost 2nd skin, and saved me so much time & hassle.Now, I can't even find all of my photos, albums, etc. Most 🤬 is not being able to just pull up a photo and attach or insert anywhere. Just spent over 1 hr trying to find a photo I had taken of an order that the seller asked for me to upload a pic. (Still can't)",,2026-08-21,3.0,in,True,object_or_product,cant_evaluate,gave_up,urgent,not_stated,event_or_occasion|life_context,,scroll_timeline,,Just spent over 1 hr trying to find a photo I had taken of an order,Could not spot target photo among search results or timeline despite extensive searching.,True
ps-00136,play_store,"Hard to use, crowded with AI... moments, faces pets. can't find the right folder, it's not user friendly.",,2026-08-21,1.0,in,True,other_or_unclear,not_stated,unknown,casual,not_stated,,,,,"can't find the right folder, it's not user friendly",User complains about UI clutter and folder navigation without describing specific search attempt.,True
ps-00137,play_store,Pros: * Photos and videos are backed up securely and automatically. * Smart search helps you find photos of people or places within seconds. * The 'Memories' feature surfaces past special moments. * Sharing albums with others is incredibly easy. * Built-in editing tools allow for quick adjustments. * Photos are synced across all your devices. Cons: * Storage beyond the free 15 GB allowance requires payment. * Some users may have privacy concerns regarding cloud storage regulations.,,2026-08-21,5.0,in,False,other_or_unclear,not_stated,unknown,casual,not_stated,,,,,,,True
ps-00138,play_store,"love it! Google Photos has been my go to for as long as I can remember! it's got many new overhauls and totally cool additions such as AI, although AI can definitely flub some photos or assignments 😂 but for the most part it's great and free but once you get to a certain amount of photos like me.... you need to start paying monthly for storage it's really not that much thank God .. plus they have sharing and albums and they will make memories! and we can share comment and keep forever! love it",,2026-08-21,4.0,in,False,other_or_unclear,not_stated,unknown,casual,not_stated,,,,,,,True
ps-00139,play_store,"Locked Folder is missing from my Google Photos app. I checked Collections, but there is no Locked Folder option at all. I also checked the settings, but I cannot find the Locked Folder or its backup option. This happened after the recent Google Photos update. Please help me restore access to my Locked Folder. I have important photos stored there and I do not want them to be deleted. 😭",,2026-08-20,1.0,in,False,other_or_unclear,not_stated,unknown,casual,not_stated,,,,,,,True
ps-00140,play_store,all my saved face groups were deleted and the app won't automatically detect face groups anymore. this was after the introduction of Gemini.,,2026-08-20,1.0,in,False,other_or_unclear,not_stated,unknown,casual,not_stated,,,,,,,True
ps-00141,play_store,"forces storage that I dont even want to make a monthly payment, looking for an alternative to Google all together",,2026-08-20,1.0,in,False,other_or_unclear,not_stated,unknown,casual,not_stated,,,,,,,True
ps-00142,play_store,"motion photos playback is always turned on (regardless of settings) and it makes selecting good photos a nightmare. you need to wait for the 0.5s for the actual photo to appear, each time you want to open it and see differences between two(or more) photos. Meanwhile Samsung gallery app has a motion photo toggle that *actually works* and it's possible to scroll through your photos without needing to wait 0.5s each time.",,2026-08-20,1.0,in,False,other_or_unclear,not_stated,unknown,casual,not_stated,,,,,,,True
ps-00143,play_store,I don't find my old videos and photos,,2026-08-20,5.0,in,True,other_or_unclear,not_in_library,gave_up,casual,not_stated,,,,,I don't find my old videos and photos,User unable to locate old photos and videos; likely not backed up or inaccessible.,True
ps-00144,play_store,"Decent search feature, but I just realized a recent update deleted ALL of my Albums that I'd made over the past 5 or so years. Thanks for that.",,2026-08-19,1.0,in,False,other_or_unclear,not_stated,unknown,casual,not_stated,,,,,,,True
ps-00145,play_store,I use this app sins 3years but Today I I want to see to remember my those photos but unfortunately some photos are not there in my gallery yesterday night also I see that photos but right now where!! those pics I want my pics back please u guys are recover my photos,,2026-08-19,1.0,in,True,other_or_unclear,not_in_library,gave_up,sentimental,not_stated,rough_time,,,,some photos are not there in my gallery yesterday night also I see that photos but right now where,Photos visible yesterday are now missing; user suspects deletion or loss of data.,True
ps-00146,play_store,"Guys, why don't you provide a direct download feature in the application so that it is easier to use without having to go back to the browser?If you can access it via a browser, don't spend too much time searching for the file while downloading. It's really a hassle just to find the file you want.",,2026-08-19,4.0,in,False,other_or_unclear,not_stated,unknown,casual,not_stated,,,,,,,True
ps-00147,play_store,"Locked Photos are unable to be shared or downloaded, and can only be moved back into their chronological place in your photos. So if you want more than to look at the photo, you have to go searching for it after moving the photo out of the locked folder so you can have the options to do anything more than look at the photo.",,2026-08-19,1.0,in,False,other_or_unclear,not_stated,unknown,casual,not_stated,,,,,,,True
ps-00148,play_store,The app also has a tools/quick-tools menu that puts features such as image creation and web search in one place instead of filling the message area with lots of separate buttons.,,2026-08-19,5.0,in,False,other_or_unclear,not_stated,unknown,casual,not_stated,,,,,,,True
ps-00149,play_store,Remember everywhere on Google photo 👍👍 no data clears,,2026-08-19,5.0,in,False,other_or_unclear,not_stated,unknown,casual,not_stated,,,,,,,True
ps-00150,play_store,"It's missing something! I want to move my pictures to an album and those photos get deleted from the main photos. I have so many photos it takes days to find one photo cause the search sucked. So, I got to go one by one to find the picture. Please do an update.",,2026-08-19,3.0,in,True,other_or_unclear,not_stated,gave_up,casual,not_stated,,,scroll_timeline,,I have so many photos it takes days to find one photo cause the search sucked.,"User scrolls manually through timeline due to poor search, but no specific retrieval task described.",True
ps-00151,play_store,Day by day the UI is becoming very unusable. complete disaster. Recent update removed the option for bull selection with scroll. I hate the floating bar and new date on the top. why everything need to be the same as ios. so stupid. 🤮🤮🤮,,2026-08-18,1.0,in,False,other_or_unclear,not_stated,unknown,casual,not_stated,,,,,,,True
ps-00152,play_store,"Solid, with a few rough edges Genuinely one of the best-executed apps on my phone. Backup is seamless, AI search is scary accurate (""dog on beach"" just works), and Memories surfaces old photos I'd forgotten about. Editing tools like Magic Eraser punch above their weight for free. Could improve: - Storage tiers feel stingy since dropping unlimited free storage - Duplicate detection is inconsistent - Video compression on backup is aggressive; a clearer ""near-original"" quality toggle would help.",,2026-08-18,5.0,in,True,other_or_unclear,not_stated,found,casual,ask_photos,,,,dog on beach,"AI search is scary accurate (""dog on beach"" just works)",AI search with visual + text query successfully retrieves relevant photos from large galleries.,True
ps-00153,play_store,The search feature is not like before. Simple searches like eg 'cars' can't even turn up a single car in my gallery.,,2026-08-18,1.0,in,True,other_or_unclear,misinterpreted,gave_up,casual,classic,object,,,cars,Simple searches like eg 'cars' can't even turn up a single car in my gallery.,Keyword search fails to return relevant results despite photos of cars existing in library.,True
ps-00154,play_store,developers rely too much on friction against the user to display new features (obscuring the placement of features/buttons by moving them so you have to notice the new thing in order to find the thing you're looking for.) which is annoying.,,2026-08-18,2.0,in,False,other_or_unclear,not_stated,unknown,casual,not_stated,,,,,,,True
ps-00155,play_store,"One of the updates apparently removed the ability to set separate wallpapers for home screen and lock screen. Why remove this feature? Another thing removed was the ability for me to use the search term ""SubGenius."" I use this term to label religious images, and now all the images I have labeled thusly are unsearchable.",,2026-08-18,2.0,in,True,other_or_unclear,not_in_library,gave_up,casual,classic,text_in_photo,,,SubGenius,now all the images I have labeled thusly are unsearchable.,Search term filtering broken by app update; labeled photos no longer retrievable by their tag.,True
ps-00156,play_store,I LOVE Google photos. Love the new AI powered search feature. Love grouping by faces. Best photo organization app out there!,,2026-08-17,5.0,in,False,other_or_unclear,not_stated,unknown,casual,not_stated,,,,,,,True
ps-00157,play_store,This app is a thorn in my side I have to continuously search for my albums and photos that it's for ever backing up of witch conveniently dissappears never to be found again i don't recommend downloading this app,,2026-08-17,2.0,in,True,other_or_unclear,not_in_library,gave_up,casual,not_stated,,,,,photos that it's for ever backing up of witch conveniently dissappears never to be found again,Backed-up photos disappear from library and become irretrievable without explaining search attempts.,True
ps-00158,play_store,"Just bring back the old format; I can't even find or browse my old media unless I search year by year because the main page only shows the camera roll. Who decided that? I used to scroll down, and I'd find everything; now I feel like my own memories are being hidden from me.",,2026-08-17,1.0,in,True,other_or_unclear,cant_refine,gave_up,sentimental,not_stated,rough_time,,rephrased,,I can't even find or browse my old media unless I search year by year,UI redesign forces year-by-year search instead of continuous scrolling; user cannot build on partial results.,True
ps-00159,play_store,"I like how Google keeps adding updates every 2 weeks just to remind me in the gallery that ""your app is up to date"". So, I keep updating the app instead of checking my photo and video collections. They keep adding features that are not needed before. Also, they also add gemini pro features inside the app so that I can accidentally click on the payment button and get busy for 2 minutes to get out there whenever I want to make myself busy when others want to talk with me (yk for farming aura)",,2026-08-17,2.0,in,False,other_or_unclear,not_stated,unknown,casual,not_stated,,,,,,,True
ps-00160,play_store,"This was a great app as it was but each update seems to make things worse. New editing tools are awful, Albums keep getting pushed further and further out of focus, and the search function is just confusing.",,2026-08-17,3.0,in,False,other_or_unclear,not_stated,unknown,casual,not_stated,,,,,,,True
ps-00161,play_store,sir if in 'collection' - 'people' you provide us search engin with names or automatically set them alphabetically it will help us more to search collector a particular person.,,2026-08-17,4.0,in,False,other_or_unclear,not_stated,unknown,casual,not_stated,,,,,,,True
ps-00162,play_store,abysmal. cannot scroll down search results it just keeps going back to the top. Galaxy s23 ultra.,,2026-08-17,1.0,in,False,other_or_unclear,not_stated,unknown,casual,not_stated,,,,,,,True
ps-00163,play_store,Search function got so bad it is really crazy,,2026-08-16,1.0,in,False,other_or_unclear,not_stated,unknown,casual,not_stated,,,,,,,True
ps-00164,play_store,It works but the UX is not great: - When I try to create an album nothing happens so I click several times and then it duplicates the album - I cannot see my favorites in the favorites view - I cannot create subsections within an album - I cannot order my albums within folders - When I try to add highlights to a 1k+ photo album it auto selects 100 and there is no other way than to deselect them manually by scrolling through all the photos It feels to me like the developers are not using the app,,2026-08-16,2.0,in,False,other_or_unclear,not_stated,unknown,casual,not_stated,,,,,,,True
ps-00165,play_store,"✨ Can't search the album, when I'm in a albums, I want to add some photos from this album to the searched album. But I can't search the album to add these photos to the searched album ✨ Missing feature on Web/PC: Can’t view or edit Album Description on PC like on Android.",,2026-08-16,4.0,in,False,other_or_unclear,not_stated,unknown,casual,not_stated,,,,,,,True
ps-00166,play_store,Google Photos sucks now! I cannot find my photos by name anymore!,,2026-08-16,1.0,in,True,other_or_unclear,not_stated,unknown,casual,not_stated,text_in_photo,,,,I cannot find my photos by name anymore!,User lost ability to search by name; no attempt details given.,True
ps-00167,play_store,Absolutely hate the new layout. Get rid of the floating search,,2026-08-15,1.0,in,False,other_or_unclear,not_stated,unknown,casual,not_stated,,,,,,,True
ps-00168,play_store,Can't find my trash no more So now when I delete a picture can't retrieve it again for life This's bad!,,2026-08-15,1.0,in,False,other_or_unclear,not_stated,unknown,casual,not_stated,,,,,,,True
ps-00169,play_store,they lost my photos by putting it in temporary folder,,2026-08-15,1.0,in,False,other_or_unclear,not_stated,unknown,casual,not_stated,,,,,,,True
ps-00170,play_store,"PLEASE FIX ASAP! WHERE DO THE EDITED PHOTOS GO? As soon as you finish editing and click SAVE it's GONE and you can only search for the original photo again! PLEASE FIX THIS! Also still need to make the editor LARGER and the buttons easier but overall the navigation menus and saving still need help! Search works ok but saved photos should be saved instantly to an easy to find location! edited and automatic edits and missed ""memories"" are also hard to find a calendar option and more folders too",,2026-08-15,2.0,in,False,other_or_unclear,not_stated,unknown,casual,not_stated,,,,,,,True
ps-00171,play_store,It shows very good memories of my remember photos.I love this,,2026-08-15,5.0,in,False,other_or_unclear,not_stated,unknown,casual,not_stated,,,,,,,True
ps-00172,play_store,cant scroll through the photos I have stored. It's become a piece of trash. isn't this app to save and view photos?,,2026-08-14,1.0,in,False,other_or_unclear,not_stated,unknown,casual,not_stated,,,,,,,True
ps-00173,play_store,"should of left it the way it was. keep the 1 star useless and stupid , no works can't find pics just so stupidity",,2026-08-14,1.0,in,False,other_or_unclear,not_stated,unknown,casual,not_stated,,,,,,,True
ps-00174,play_store,Google Photos is really useful for keeping photos organised and backed up. The search and automatic organisation make it much easier to find older photos without scrolling through everything.,,2026-08-14,5.0,in,False,other_or_unclear,not_stated,unknown,casual,not_stated,,,,,,,True
ps-00175,play_store,i cant find it in the home screen,,2026-08-14,1.0,in,False,other_or_unclear,not_stated,unknown,casual,not_stated,,,,,,,True
ps-00176,play_store,"Over the time this app has become worse and less intuitive. Where did the ""Sharing"" button go? It's overall design of where things are makes me use it less. Edit: PLEASE have a ""Sort by save date"" filter for downloaded images. Edit #2 after Google LLC comment: Downloaded images should have a sort by download date option so you don't have a dig for years to find a photo from 2021.",,2026-08-14,1.0,in,False,other_or_unclear,not_stated,unknown,casual,not_stated,,,,,,,True
ps-00177,play_store,we have a winner! cant cut you off there.we'll never cut you off- tap to search sound.,,2026-08-13,3.0,in,False,other_or_unclear,not_stated,unknown,casual,not_stated,,,,,,,True
ps-00178,play_store,"Please put the monthly view back to small thumbnails only. The random large photos are incredibly annoying and you can't see the chronological order clearly. Please!! - You have responded to my review but missed the point of what I am saying, we want small thumbnails in the most zoomed out view, no random large photos inserted in the view, it is so annoying and no one needs it when scrolling through large amounts of photos!",,2026-08-13,3.0,in,False,other_or_unclear,not_stated,unknown,casual,not_stated,,,,,,,True
ps-00179,play_store,"the app has been so poor recently with the search keywords. even when your photo is being backedup, you still have to look for it manually. I wonder whats the usefulness of the search if you cant find your pictures without seeing ""no results""",,2026-08-13,3.0,in,True,other_or_unclear,misinterpreted,gave_up,casual,classic,,,scroll_timeline,,you still have to look for it manually. I wonder whats the usefulness,"Search keywords fail even on backed-up photos, forcing manual scrolling instead.",True
ps-00180,play_store,"why the hell does it automatically sort photos into different folders that I DONT WANT. I have to open different folders to find a photo because it puts photos in hidden places. just put them one spot and I will do the organizing if I please. also, why is it so hard to create a folder or album? I don't want a ""cute"" album where all the photos are organized in different sizes, I want photos grouped together that are all the same size and in order.",,2026-08-13,1.0,in,False,other_or_unclear,not_stated,unknown,casual,not_stated,,,,,,,True
ps-00181,play_store,"I can't open app anymore. even after updating. OK, I haven't used this app in a while, ill admit. So did all my photos get deleted like it says. if app is unused all data will be deleted. I don't remember giving permission for that to happen.",,2026-08-12,1.0,in,False,other_or_unclear,not_stated,unknown,casual,not_stated,,,,,,,True
ps-00182,play_store,back and they find the photos that things that you have actually forgotten about got to try something,,2026-08-12,5.0,in,True,other_or_unclear,not_stated,found,casual,ask_photos,,,,,back and they find the photos that things that you have actually forgotten about,User found forgotten photos; text too fragmented to identify retrieval mechanism.,True
ps-00183,play_store,"Excellent Photo Management App! Google Photos is one of the most useful apps for safely storing, organizing, and accessing photos and videos. The automatic backup, powerful search, easy sharing, and smart organization features make it extremely convenient. I especially like how easily I can find old photos and memories by date, location, or people. Simple, reliable, and very user-friendly. Highly recommended! 👍📸",,2026-08-12,5.0,in,False,other_or_unclear,not_stated,unknown,casual,not_stated,,,,,,,True
ps-00184,play_store,No more backup/upload progress notifications????? WHY??????? Why is it so difficult to find the photos I've sent other people? The navigation on this app is awful. Memory snaps are done terribly. Embarrassing that snapchat does that better than you. The UI for those is absolutely horrible. Also not being able to look through the albums you made on your device is possibly the dumbest decision google has ever made and that is truly saying something.,,2026-08-12,1.0,in,False,other_or_unclear,not_stated,unknown,casual,not_stated,,,,,,,True
ps-00185,play_store,even though I paid for the cloud I get messages that my cloud is not backing up. I cannot find any support for the problem at all. they appear to have changed the way my photos in the cloud display and I don't like it. I can't find photos that I'm looking for. they claim it simpler but it was simply enough already. I used to like Google and recommend them but not anymore. dumb it down for those of us who don't want to go to college to learn how to look at pictures,,2026-08-11,1.0,in,True,other_or_unclear,not_stated,unknown,casual,not_stated,,,,,I can't find photos that I'm looking for,User cannot find specific photos after UI redesign; no search attempt described.,True
ps-00186,play_store,my chat historys photo and video can't find.,,2026-08-11,5.0,in,True,screenshot_or_document,not_in_library,gave_up,casual,not_stated,source_app,,,,my chat historys photo and video can't find,Photos from chat app not indexed or not backed up to Google Photos.,True
ps-00187,play_store,"nice app when it works, but all I get are grey tiles and have to leave the phone sit for 3p minutes for the ones to appear that are showing until I scroll and they go grey again",,2026-08-11,3.0,in,False,other_or_unclear,not_stated,unknown,casual,not_stated,,,,,,,True
ps-00188,play_store,"App is great. Lots of things are better then before and the team have listened to feedback regarding search, especially for searching albums. Huge improvement! It would be great to have ' switch faces' option when editing, like the Samsung photo gallery. Eg if someone is blinking in one photo you can swap it for a different face in another photo in that burst",,2026-08-11,4.0,in,False,other_or_unclear,not_stated,unknown,casual,not_stated,,,,,,,True
ps-00189,play_store,Good App. But Sometimes I Can't Add Location In Photos. I Search but No Recommendation Result finds. even Not Showing Any Results Some Times. I think Google Need To Fix This Problem,,2026-08-11,3.0,in,False,other_or_unclear,not_stated,unknown,casual,not_stated,,,,,,,True
ps-00190,play_store,terrible. hard to get it right besides of that i find the offerd steps are unnecessary comlicated&sufisticated ✅️,,2026-08-10,2.0,in,False,other_or_unclear,not_stated,unknown,casual,not_stated,,,,,,,True
ps-00191,play_store,"and organize your photos. Google Photos is the home for all your photos and videos. Easily store, edit, organize, and search your memories with the help of Google AI.",,2026-08-10,5.0,in,False,other_or_unclear,not_stated,unknown,casual,not_stated,,,,,,,True
ps-00192,play_store,"Your last update sucks. I have to open another app to find what I'm looking for. Previously, I had everything categorized and named. It worked well for years. Now everything is everywhere at random.",,2026-08-10,1.0,in,True,other_or_unclear,not_in_library,gave_up,casual,not_stated,life_context,,other_app,,I have to open another app to find what I'm looking for.,App reorganization broke previously working organizational systems.,True
ps-00193,play_store,"The new date grouping sucks, matter of fact it's not even grouping and you have to click the pic to find the photo's date and why can't we search albums when select more media?",,2026-08-10,3.0,in,True,other_or_unclear,cant_refine,unknown,casual,not_stated,,exact_date,,,you have to click the pic to find the photo's date and why can't we search albums,UI changes prevent refining searches within albums or by date.,True
ps-00194,play_store,Google Photos is the best app for storing and organizing memories! Automatic backup works seamlessly and I never worry about losing photos. Search feature is super smart - can find pictures just by typing what's in them. Editing tools are simple yet powerful. Truly a must-have app for everyone!,,2026-08-10,5.0,in,False,other_or_unclear,not_stated,unknown,casual,not_stated,,,,,,,True
ps-00195,play_store,"Since changing my text app to Google messages back at the beginning of July, I am unable to attach photos/videos to texts from the photos app. I have to go to the Google messages app and add photos or videos from there. Also I am still seeing the Samsung messages app as the top default app for sharing photos, even though I have forced stopped the samsung messages app and deleted the data, and deleted all the updates for that app. I can't find a way to put the new app as top default to share.",,2026-08-10,1.0,in,False,other_or_unclear,not_stated,unknown,casual,not_stated,,,,,,,True
ps-00196,play_store,organization difficulty. it's great having folders but I wish they'd disappear from the main folder or something once organized into one otherwise they can get sorted into multiple folders and it's a mess. also the search for any of my Pic is difficult when I'm trying to find a specific one but any of the key words don't make it pop up so I end up just having to scroll. it seems like a problem other users are having as I see very similar reviews. the app updates often but ive had this same issue,,2026-08-10,2.0,in,True,other_or_unclear,cant_refine,found,casual,classic,object,,scroll_timeline,,search for any of my Pic is difficult when I'm trying to find a specific one but any of the key words don't make it pop up so I end up just having to scroll,Keywords fail to retrieve known photos; scrolling is the fallback.,True
ps-00197,play_store,"Android app google.photos - drag to multi-select stopped working suddenly. The same action (tap and hold on one photo, drag up/down) now just selects one photo and then scrolls up/down. It does enable the multi-select (the checkboxes appear in the corner of all photos) but the drag doesn't work & I have to tap each photo individually",,2026-08-10,1.0,in,False,other_or_unclear,not_stated,unknown,casual,not_stated,,,,,,,True
ps-00198,play_store,"The search function is garbage now. Keywords that I used to search for pictures that would bring back hundreds of pics, including the ones I was looking for, now bring ""No Results."" Why did you break it like this?",,2026-08-09,1.0,in,True,other_or_unclear,misinterpreted,gave_up,casual,classic,,,,keywords,"Keywords that I used to search for pictures that would bring back hundreds of pics, including the ones I was looking for, now bring No Results.",Recent search regression returns no results where old searches succeeded.,True
ps-00199,play_store,"Google Photos is an excellent app for storing, organizing, and managing photos and videos. The automatic backup, powerful search, easy sharing, editing tools, and smart organization features make it extremely convenient. I especially like how easy it is to find old memories and access them across devices. Overall, a must-have app for managing photos and videos.",,2026-08-09,5.0,in,False,other_or_unclear,not_stated,unknown,casual,not_stated,,,,,,,True
ps-00200,play_store,"Search doesn't work like it used to, so it kind of makes this app worthless to me! With nearly 60k photos I can no longer search for SOME family and friends names in label descriptions I've make over many years, very frustrating. I've contaced google and they cannot find a resolution! Oh, and also something new, the app actually erases what I type on the description! I have to remember to copy text so I can cut and paste, or I have to retype everything!",,2026-08-08,1.0,in,True,people_or_event,misinterpreted,gave_up,sentimental,classic,person|text_in_photo,,,,can no longer search for SOME family and friends names in label descriptions,Search no longer retrieves photos by person names in manually created labels.,True
ps-00201,play_store,love that It backs up automatically and the search was fantastic. something with the new search in the past week or two has rendered it useless. can't find anything.:/,,2026-08-08,2.0,in,True,other_or_unclear,not_stated,gave_up,casual,not_stated,,,,,something with the new search in the past week or two has rendered it useless,Recent search update broke retrieval entirely; no specific attempt or failure mode described.,True
ps-00202,play_store,"I don't understand why do I got to pay a subscription to keep my photos, I need to pay a subscription just to search for a photo because I didn't have enough space, I deleted 800 photos and videos and I still didn't have space, I have a new phone and I still don't have space, it shouldn't be doing that",,2026-08-08,1.0,in,False,other_or_unclear,not_stated,unknown,casual,not_stated,,,,,,,True
ps-00203,play_store,"The new Google Photos update is honestly very disappointing. The previous version was much more convenient and user-friendly. The “Search by People” option, which was one of the most useful features, is now missing or difficult to find. Why remove or hide a feature that made finding specific photos so easy? The new update feels more complicated instead of being an improvement. Please bring back the “Search by People” option and make the app as convenient as it was before.",,2026-08-08,1.0,in,True,people_or_event,not_in_library,gave_up,sentimental,classic,person,,,,The 'Search by People' option is now missing or difficult to find,UI removal of 'Search by People' feature broke person-based photo retrieval.,True
ps-00204,play_store,this app really helpful to find my old photos,,2026-08-08,5.0,in,True,other_or_unclear,not_stated,found,casual,not_stated,,,,,this app really helpful to find my old photos,Positive report; no retrieval failure described.,True
ps-00205,play_store,How can I get my lost photos and videos back? You provide my photos and videos. pls,,2026-08-08,5.0,in,False,other_or_unclear,not_stated,unknown,casual,not_stated,,,,,,,True
ps-00206,play_store,"Google Photos is an excellent app for storing, organizing, and sharing photos and videos. The backup feature is reliable, and the search and editing tools are very useful. The interface is clean, fast, and easy to use. I hope future updates continue to improve storage management and add more editing features. Overall, it's one of the best photo gallery apps available.",,2026-08-07,5.0,in,False,other_or_unclear,not_stated,unknown,casual,not_stated,,,,,,,True
ps-00207,play_store,Good cannot find a magic eraser in the app basic edit like crop and brightness only available,,2026-08-07,4.0,in,False,other_or_unclear,not_stated,unknown,casual,not_stated,,,,,,,True
ps-00208,play_store,"Google Photos is and always has been a very great tool for managing your photo gallery and syncing it between devices. However, I'm not super fond of the AI stuff everywhere. I wish there was an opt-out toggle. If I want AI to edit my photos, I'll go to the Gemini app for that, not Google Photos, because AI doesn't belong there.",,2026-08-07,3.0,in,False,other_or_unclear,not_stated,unknown,casual,not_stated,,,,,,,True
ps-00209,play_store,"The update of collections is disgusting. You can't find anything, everything has moved and changed layout in an incredibly inconvenient way. All of the useless things are up front and all of the useful things are hidden away. I hate it. And there's so much stupid AI bs everywhere in this app, with no way to turn it off.",,2026-08-07,1.0,in,False,other_or_unclear,not_stated,unknown,casual,not_stated,,,,,,,True
ps-00210,play_store,Hundreds and hundreds of reviews for date 8/5/26 the same 6 or 7 posts just different names over and over. have to scroll and scroll just to get to previous date review. 90+mb bi weekly updates are not necessary stop tweaking things then sending an update to see if the feature or setting worked! I dont need all these fancy things give us option to turn things off.,,2026-08-06,1.0,in,False,other_or_unclear,not_stated,unknown,casual,not_stated,,,,,,,True
ps-00211,play_store,"Google Photos is an absolute masterpiece. The cloud backup is seamless, and the AI search is so smart that I can just type ""dog"" or ""beach"" and find photos from five years ago instantly. It frees up gigabytes of space on my phone and keeps my memories completely safe.",,2026-08-06,5.0,in,False,other_or_unclear,not_stated,unknown,casual,not_stated,,,,,,,True
ps-00212,play_store,It help me to remember my past memories,,2026-08-06,4.0,in,False,other_or_unclear,not_stated,unknown,casual,not_stated,,,,,,,True
ps-00213,play_store,Google photos lost 20+ years of photos and video. The entire lifespan of the only dog I ever had. I've been going out of my mind trying to find my photos for months and months now. I don't know what to do. I need replacements for 2012 -2026 Someone Please Please Help.,,2026-08-05,1.0,in,True,people_or_event,not_in_library,gave_up,sentimental,not_stated,rough_time,,,,lost 20+ years of photos and video. The entire lifespan of the only dog,User lost access to decades of backed-up photos; retrieval impossible when data is deleted or inaccessible.,True
ps-00214,play_store,Something very strange is happening. Newly created albums are available via web not via app. Searching by location shows zero photos on maps. Some sync is totally broken. I've already reinstalled the app - still nothing .,,2026-08-05,1.0,in,False,other_or_unclear,not_stated,unknown,casual,not_stated,,,,,,,True
ps-00215,play_store,"This app has become completely unusable after recent updates. The battery drain is insane—my phone gets hot and loses percentage rapidly even when I am barely browsing my photos. On top of that, the performance is terrible. Animations are choppy, laggy, and frame-dropping constantly, making basic scrolling feel frustratingly slow. To make matters worse, the whole user interface is a cluttered mess—finding simple local device folders or settings has become overly complex and confusing.",,2026-08-05,1.0,in,False,other_or_unclear,not_stated,unknown,casual,not_stated,,,,,,,True
ps-00216,play_store,can't select photos by scrolling,,2026-08-05,2.0,in,False,other_or_unclear,not_stated,unknown,casual,not_stated,,,,,,,True
ps-00217,play_store,bring back the selection feature of selection by tapping one and scrolling.,,2026-08-05,3.0,in,False,other_or_unclear,not_stated,unknown,casual,not_stated,,,,,,,True
ps-00218,play_store,"Your search became useless a few months ago. I was using Google Photos from the beginning, having switched from Picasa to Google Photos! I upgraded to Google One solely because of your search capabilities. Now, when I search for something like; tyre, home, or cat, it does not properly display anything from my collection. I believe your ineffective AI functions disrupted your search capabilities. Also can't edit with other apps from Google Photos. You simply removed the 'edit with' shortcut.",,2026-08-05,1.0,in,True,other_or_unclear,misinterpreted,gave_up,casual,classic,object,,,"tyre, home, cat","search for something like; tyre, home, or cat, it does not properly display",AI-driven search changes broke traditional keyword matching; simple object queries fail to return relevant results.,True
ps-00219,play_store,"Recent updates have introduced a bunch of bugs that make it really inconvenient to use daily. The grid view has random large or elongated photos making it hard to scan photos and follow their chronological order. The edit tools randomly switch order, making it take longer to find specific tools. Select and drag is completely bugged, making it tedious to select more than one photo. Really disappointing, as this was one of the most polished Google apps but is now buggy and a chore to use.",,2026-08-05,2.0,in,False,other_or_unclear,not_stated,unknown,casual,not_stated,,,,,,,True
ps-00220,play_store,It goes blank when I press the search bar.,,2026-08-04,2.0,in,False,other_or_unclear,not_stated,unknown,casual,not_stated,,,,,,,True
ps-00221,play_store,"Facial recognition works great. Searching for objects or places also works well. However, the sync and backup fails by not organizing your backed up photos within the same albums as your phone's gallery albums. This ends up scattering all the backed up photos and videos into one main album. Google Drive keeps your backed up/synced files organized within your folders, the same way you have them organized on your computer, and changes them in real time as you change your file organization. 🤷🏽‍♂️",,2026-08-04,3.0,in,False,other_or_unclear,not_stated,unknown,casual,not_stated,,,,,,,True
ps-00222,play_store,Great application experience in looking for this app to not withdraw consents of folders of pictures that you don't want to be seen or separate on same web browser without having to change your profile. It works great with my device and keeps my family as well as my android phones and chrome safe from previous devices causing mirroring.,,2026-08-04,5.0,in,False,other_or_unclear,not_stated,unknown,casual,not_stated,,,,,,,True
ps-00223,play_store,"Can't hold a photo and scroll to select multiple photos anymore. Go back to the old design, this one isn't it.",,2026-08-04,1.0,in,False,other_or_unclear,not_stated,unknown,casual,not_stated,,,,,,,True
ps-00224,play_store,"The search has ruined 20 years of careful intentional activity. the most basic things cannot be found now. searches that would have narrowed down and put a result out. now take five or six clarifications, including having to shut down the noise generated by the app",,2026-08-04,1.0,in,True,other_or_unclear,not_stated,unknown,casual,not_stated,,,,,searches that would have narrowed down and put a result out now take five or six clarifications,Search now requires excessive clarifications instead of narrowing results naturally.,True
ps-00225,play_store,"what the what is this new update?! absolutely ridiculous, it's no longer cohesive and easy to navigate, and just has a messier look to the home page, why take away the month dividers, I depend on those so much when searching for a certain picture. please try again Google photos",,2026-08-04,1.0,in,True,other_or_unclear,cant_refine,unknown,casual,not_stated,rough_time,,,,I depend on those so much when searching for a certain picture,Removing month dividers removed a critical navigation aid for narrowing searches by time.,True
ps-00226,play_store,diffrent type of allbums and timely remember good to see.,,2026-08-04,5.0,in,False,other_or_unclear,not_stated,unknown,casual,not_stated,,,,,,,True
ps-00227,play_store,Thought I lost my pictures thank goodness for backups 😃😃,,2026-08-04,5.0,in,False,other_or_unclear,not_stated,unknown,casual,not_stated,,,,,,,True
ps-00228,play_store,Fullscreen popups telling you about ai slop when it's nearly impossible to find shared albums or search for anything,,2026-08-04,1.0,in,True,other_or_unclear,not_stated,unknown,casual,not_stated,,,,,nearly impossible to find shared albums or search for anything,Search is difficult; app popups distract from core finding tasks.,True
ps-00229,play_store,can you get rid of the bug problem on my Google photos in my moto g phone cause when I scrolled all the way down I see glitches and bugs I can still see some photos but I just want this glitch and bug problem gone pls fix it right now.,,2026-08-04,5.0,in,False,other_or_unclear,not_stated,unknown,casual,not_stated,,,,,,,True
ps-00230,play_store,"Please bring back the hold-and-swipe feature to select multiple images at once. Previously, we could select a batch by long-pressing one picture and then swiping to select multiple in a row. After that, we could lift our thumb, scroll, and long-press another photo to swipe and select another batch. That was great! Please bring it back!",,2026-08-03,4.0,in,False,other_or_unclear,not_stated,unknown,casual,not_stated,,,,,,,True
ps-00231,play_store,"I can't drag to select multiple items anymore. They still haven't added back quick scroll to the albums page that they removed ages ago, so if you have a lot of albums like me you have to scroll repetitively to browse them. It also just randomly makes some thumbnails bigger which is annoying.",,2026-08-03,1.0,in,False,other_or_unclear,not_stated,unknown,casual,not_stated,,,,,,,True
ps-00232,play_store,"Google Photos is simply the best photo management app I've ever used. The backup is fast and reliable, the search is incredibly accurate, and the AI-powered features make organizing memories effortless. I love how easy it is to find old photos, free up storage, and keep everything securely synced across devices. The interface is clean, smooth, and user-friendly. A truly world-class app that keeps getting better with every update. Highly recommended!",,2026-08-03,5.0,in,False,other_or_unclear,not_stated,unknown,casual,not_stated,,,,,,,True
ps-00233,play_store,"it's so much better than it was before, I can scroll through it quickly and see what I can do.",,2026-08-03,5.0,in,False,other_or_unclear,not_stated,unknown,casual,not_stated,,,,,,,True
ps-00234,play_store,"Keeps saying 'Update' with no updates available 🤔, Forever Swapping things about, so have to go looking for things, and settings seem to change all on their own whilst all this is going on. It's getting frustrating having to spend time figuring out what has been moved where , So Make your mind up and STICK TO THAT LAY OUT And Stop with the ""Try it out"" pop up 😡",,2026-08-03,2.0,in,False,other_or_unclear,not_stated,unknown,casual,not_stated,,,,,,,True
ps-00235,play_store,scroll to select option is not working anymore 😤,,2026-08-03,3.0,in,False,other_or_unclear,not_stated,unknown,casual,not_stated,,,,,,,True
ps-00236,play_store,this is really very helpfully app so nice app I'm using app from past 2 years so good experience 😍 for search your old photos,,2026-08-03,5.0,in,True,other_or_unclear,not_stated,found,casual,not_stated,rough_time,,,,helpful app so nice app for search your old photos,User reports successfully finding old photos; no failure described.,True
ps-00237,play_store,All this AI and yet the word search feature doesn't work properly?? It might be because I'm using it more but I'm noticing that text word search works worse since these new AI updates and such,,2026-08-03,2.0,in,True,other_or_unclear,misinterpreted,unknown,casual,classic,text_in_photo,,,,text word search works worse since these new AI updates,Text word search degraded after AI updates; returns less accurate results.,True
ps-00238,play_store,"Enforced addition of Gemini, a large language model built on wholesale copyright infringement and responsible for Google's abandonment of its climate goals. Awful. You can turn it ""off,"" but you can't get rid of the nag prompts to turn it back on. There's a reason I don't have the Gemini app installed, Google, learn that no means no and stop pushing your sea-boiling book-burning lie machine in everything you make.",,2026-08-03,1.0,in,False,other_or_unclear,not_stated,unknown,casual,not_stated,,,,,,,True
ps-00239,play_store,"The new storage policy sucks, most of my space is already gone after it was updated to the new policy. It doesn't make sense to include emails together with my photo storage. Also why cluster ALL of my pictures together on the home page ?! I liked that I could find my pictures sorted by month, why get rid of the most basic form of organization?",,2026-08-03,2.0,in,False,other_or_unclear,not_stated,unknown,casual,not_stated,,,,,,,True
ps-00240,play_store,"Google Photos is an excellent app for backing up and organizing photos and videos. The search feature is incredibly useful, and the app makes it easy to relive memories. One of the best photo management apps available.",,2026-08-03,5.0,in,False,other_or_unclear,not_stated,unknown,casual,not_stated,,,,,,,True
ps-00241,play_store,"As of last week I seem to be unable to favorite photos, without them immediately being removed from favorites. I have combed reddit, tech sites, google help pages, and cant find any solutions. I tried updating the app, restarting my phone, clearing my cache. Nothing works and based on what I am reading online, other people have been having the same problem for years with no resolution. Getting through to customer service seems so time consuming and impossible that Id rather just write here.",,2026-08-03,1.0,in,False,other_or_unclear,not_stated,unknown,casual,not_stated,,,,,,,True
ps-00242,play_store,"Wow, Google's pathetic desperation for people to use ""AI"" has made this app nearly unusable over the last 6 months. Never thought I'd be actively looking for an alternative to G Photos.",,2026-08-03,1.0,in,False,other_or_unclear,not_stated,unknown,casual,not_stated,,,,,,,True
ps-00243,play_store,I want to love this app but I can never find the photo that I'm looking for when I'm looking for it 😕,,2026-08-02,4.0,in,True,other_or_unclear,not_stated,unknown,casual,not_stated,,,,,I can never find the photo that I'm looking for when I'm looking for it,User cannot find specific photos but provides no search attempt details.,True
ps-00244,play_store,"Drag-select multiple photos stopped working on my phone. The same action (tap and hold on one photo, drag up/down) now selects one photo and then scrolls up/down. It does enable the multi-select (the checkboxes appear in the corner of all photos) but the drag doesn't work & I have to tap each photo individually.",,2026-08-02,2.0,in,False,other_or_unclear,not_stated,unknown,casual,not_stated,,,,,,,True
ps-00245,play_store,its a good photo app and also remind you some of pictures I couldn't even remember,,2026-08-02,5.0,in,False,other_or_unclear,not_stated,unknown,casual,not_stated,,,,,,,True
ps-00246,play_store,"i really dislike the new update, it doesnt allow me to have all the photos displayed at the same size, and instead randomly enlarges photos. i cant find a way to change this setting back and i think this is completely uneccesary.",,2026-08-01,1.0,in,False,other_or_unclear,not_stated,unknown,casual,not_stated,,,,,,,True
ps-00247,play_store,"Specifically purchased the type of phone I have for this photos app. For years I have been thrilled. However, with AI (just like Gmail app now) I'm exhausted, frustrated, and disappointed. SO much time I wasted finding a simple photo (or not). I despise AI integrations in the apps. It used to be that I could bypass it. I appreciated that. CANNOT any longer. What good is the app (and especially AI) if I can't find photos I know exist (and used to be able to find) using basic search terms.",,2026-08-01,2.0,in,True,other_or_unclear,misinterpreted,gave_up,casual,both,text_in_photo,,,basic search terms,SO much time I wasted finding a simple photo (or not),AI search breaks keyword queries that previously worked; user cannot find photos known to exist.,True
ps-00248,play_store,remember this app is very grateful 🙏🏼🙏🏼,,2026-08-01,5.0,in,False,other_or_unclear,not_stated,unknown,casual,not_stated,,,,,,,True
ps-00249,play_store,"When I edit photos, it always saves it twice! What a waste of storage. When I put photos in albums they sometimes disappear again. Finding it all very frustrating. It used to be great for storing all my photos but now debating looking for an alternative option.",,2026-08-01,2.0,in,False,other_or_unclear,not_stated,unknown,casual,not_stated,,,,,,,True
ps-00250,play_store,I cannot find my downloads. Leave my phone alone.,,2026-07-31,1.0,in,False,other_or_unclear,not_stated,unknown,casual,not_stated,,,,,,,True
ps-00251,play_store,"garbage app. the eraser feature lacks accuracy, it doesn't search properly",,2026-07-31,1.0,in,False,other_or_unclear,not_stated,unknown,casual,not_stated,,,,,,,True
ps-00252,play_store,"This description of change made on July 22, 2026 says easy to search photos. HOWEVER, it doesn't say how to find my multiple photo albums.",,2026-07-30,1.0,in,False,other_or_unclear,not_stated,unknown,casual,not_stated,,,,,,,True
ps-00253,play_store,it's fascinating to see ourselves without scrolling through the folder.,,2026-07-30,5.0,in,False,other_or_unclear,not_stated,unknown,casual,not_stated,,,,,,,True
ps-00254,play_store,Far too many changes behind the scenes. A while back my pictures were backed up from my phone and then available in Google Photos on my phone and laptop as well as Photoscan by Google. Now it is unclear what has been kept or lost. The tools keep changing around behind the scenes and we never get new signposts. The new search cannot be jigged. it shows people who are distinctly not me as photos of me are labelled me. It can't be told. Then keyword searched is replaced by chatty scatter-gun AI,,2026-07-30,2.0,in,True,people_or_event,misinterpreted,unknown,sentimental,both,person|visual_detail,,,,shows people who are distinctly not me as photos of me are labelled me,"AI face search mislabeled photos, and new AI search replaced keyword search.",True
ps-00255,play_store,Google photos app greater storage and create collage animation photos make edits... albums easy face search.. archive and more options,,2026-07-30,5.0,in,False,other_or_unclear,not_stated,unknown,casual,not_stated,,,,,,,True
ps-00256,play_store,with the new update I can no longer download more than one photo at a time from Google photos. this has me looking for alternatives as I cannot find a fix.,,2026-07-30,1.0,in,False,other_or_unclear,not_stated,unknown,casual,not_stated,,,,,,,True
ps-00257,play_store,Why can't I upload selected photos to Google Photos in full quality without enabling full sync? The new app is very scattered; it's like a brain riddle trying to figure out how to go back and where I can properly find the button I need.,,2026-07-29,1.0,in,False,other_or_unclear,not_stated,unknown,casual,not_stated,,,,,,,True
ps-00258,play_store,"the new update removed all the face groups I had, now I can't even find the people I want in the pictures, horrible the face groups are already on, they don't identify anyone not even me whn I try to select my own face it says try again later",,2026-07-29,1.0,in,True,people_or_event,misinterpreted,gave_up,casual,ask_photos,person,,,,"can't even find the people I want in the pictures, horrible",Face recognition feature failed to identify people user was searching for.,True
ps-00259,play_store,I have achieved many of my lost photos.,,2026-07-29,5.0,in,False,other_or_unclear,not_stated,unknown,casual,not_stated,,,,,,,True
ps-00260,play_store,tolong kembalikan fitur scroll,,2026-07-29,3.0,in,False,other_or_unclear,not_stated,unknown,casual,not_stated,,,,,,,True
ps-00261,play_store,"​It's impossible to search for a file, by the name of image, on new phone. EXTREMELY STUPID !!!!! When I search, it shows all kinds of garbage/nonsense, instead of the requested images by name. Do not install this app",,2026-07-29,1.0,in,True,other_or_unclear,misinterpreted,gave_up,casual,classic,text_in_photo,,,image by name,"When I search, it shows all kinds of garbage/nonsense, instead of the requested images by name.",Keyword search for image filename returned irrelevant results instead of matching photos.,True
ps-00262,play_store,"Love this app. I have been using Google photos for at least 8 years now and after upgrading my Nexus 6 to the Pixel XL, I couldn't be happier!! ***updating my five star review to say I'm bummed they took the dates away with an update. I know you can scroll to see them but it's frustrating that they updated this app and changed that. I've also noticed that it's very slow and unresponsive hard to delete a photo I have to open and then close the app several times",,2026-07-29,1.0,in,False,other_or_unclear,not_stated,unknown,casual,not_stated,,,,,,,True
ps-00263,play_store,"My searches are not working. I know there's multiple screenshots with the words ""silver-blue eyes"" in it and nothing is showing up",,2026-07-29,3.0,in,True,screenshot_or_document,misinterpreted,gave_up,casual,classic,text_in_photo,,,silver-blue eyes,"I know there's multiple screenshots with the words ""silver-blue eyes"" in it and nothing is showing up",Text search for known phrase in screenshots failed to return any matching photos.,True
ps-00264,play_store,it has allowed me to remember that moment thanks,,2026-07-28,5.0,in,False,other_or_unclear,not_stated,unknown,casual,not_stated,,,,,,,True
ps-00265,play_store,can't find my photos or videos,,2026-07-28,4.0,in,True,other_or_unclear,not_in_library,gave_up,casual,not_stated,,,,,can't find my photos or videos,User unable to locate backed-up photos or videos in the library; cause unstated.,True
ps-00266,play_store,"update after Dev response: it's not working guys. there is a bug and I can prove it even though I have some backed up photos, clean the uploaded ones option doesn't clean or delete any photos. can't find anything to delete ! edit : I mean all my photos are backed up. I see the cloud icon even. still it doesn't work. It doesn't clean already backed up photos. some photos could be uploaded from my tablet. some other photos could be uploaded from my other devices etc.",,2026-07-27,3.0,in,False,other_or_unclear,not_stated,unknown,casual,not_stated,,,,,,,True
ps-00267,play_store,"the update broke scrolling, it's extremely laggy and goes back and forth. also the dates now are poorly readable",,2026-07-27,1.0,in,False,other_or_unclear,not_stated,unknown,casual,not_stated,,,,,,,True
ps-00268,play_store,Great app slowly and torturously being ruined by a greedy Google desperate to remain relevant after ruining its search engine. The last four months of adding even more AI updates to this app have continued to achieve Google's apparent goals to make this application harder to use and worse in every monetizable way.,,2026-07-27,2.0,in,False,other_or_unclear,not_stated,unknown,casual,not_stated,,,,,,,True
ps-00269,play_store,if you did not delete all my new pictures u would still have access. by deleting my pictures should not be allowed i had some good pictures the summer of 25 u deleted and they were also the 1s I wanted to keep and I cannot find any. u shouldn't be allowed to delete any of anybody pics unless it has delete pic by the owner. this never happened before until 2025 summer.. I had albums that had certain pics together for years now all is gone that is why u do not have access to my pictures if u shoul,,2026-07-27,1.0,in,False,other_or_unclear,not_stated,unknown,casual,not_stated,,,,,,,True
ps-00270,play_store,"This latest update to remove the months is awful. I can't find the pictures I want because they are all combined together and the 'months' floating on top does not help because I can't tell where one month ends and the other begins which is how I would find my pictures easily before. I pay for all the space I have, so should not have be subjected to this update. Worst update ever. And why do I have some photos made larger than all the others? What the heck? Updating without asking?",,2026-07-27,2.0,in,False,other_or_unclear,not_stated,unknown,casual,not_stated,,,,,,,True
ps-00271,play_store,I deleted a bunch of my photos and the photos icon on the screen of my phone disappeared. I found it when I swiped up for apps. I tried to move it back to the screen but there was no option to do that but said google was an option and now it's gone and I have to do a search to find photos. When I do get the photos folder open it tells me theres no photos while I'm looking at one. I have to click collections. I just quit using it. now I use Facebook Messenger and send pics to my computer,,2026-07-27,2.0,in,False,other_or_unclear,not_stated,unknown,casual,not_stated,,,,,,,True
ps-00272,play_store,Absolutely hate the new design/layout! With Gemini being added to the photos app search has gotten worse. update: They really need to stop making changes. it just keeps getting worse.,,2026-07-27,1.0,in,False,other_or_unclear,not_stated,unknown,casual,not_stated,,,,,,,True
ps-00273,play_store,"I only find one thing annoying, and that's the day/time arrangement. Let me explain: For instance, I downloaded a pic at 12:55am on the 27th of July. Then I go to Photos and find it saved all the way in 5:32pm on the 5th of May, 2012. I updated the app hoping that this problem will be fixed, but it got worse. Please find a way to sort out this issue, it's really a piece of work to deal with.",,2026-07-27,3.0,in,True,other_or_unclear,not_in_library,unknown,casual,not_stated,,,,,"saved all the way in 5:32pm on the 5th of May, 2012","Photo displays wrong date/time, preventing discovery by remembered download date.",True
ps-00274,play_store,"I've never seen such a perfect app be turned into absolute garbage with a single update before. my user created albums have disappeared off the face of the earth and been replaced with AI generated suggested albums, and simple searches will deliver no results now, whereas Samsung gallery will deliver perfect results with the same search. I thought google hired geniuses, not idiots. 0/10",,2026-07-27,1.0,in,True,other_or_unclear,misinterpreted,gave_up,casual,not_stated,,,,,"simple searches will deliver no results now, whereas Samsung gallery will deliver perfect results","Search now returns no results for queries that once worked, forcing users to abandon Google Photos.",True
ps-00275,play_store,"Google Photos is the undisputed king of cloud photo management for organization, smart search, and effortless cross-platform sharing. However, it operates as an entry point into Google's paid storage ecosystem, meaning heavy users will inevitably face paywalls.",,2026-07-26,3.0,in,False,other_or_unclear,not_stated,unknown,casual,not_stated,,,,,,,True
ps-00276,play_store,"I cannot backup my photos at all! I have a 2tb subscription and have to keep deleting apps because I have 64gb of memories that won't upload. I have used Gemini (another Google service) to help me go through and problem solve, I have tried two accounts, I have tried removing, reinstalling, changing power and internet settings, clearing cache, and even forgetting the accounts. I am at a loss and I've been unable to find a way to contact support. I'm currently considering other provider's.",,2026-07-26,1.0,in,False,other_or_unclear,not_stated,unknown,casual,not_stated,,,,,,,True
ps-00277,play_store,only had trouble w color changing photos and the Gemini literally won't listen t{ me lol. I'm a tuff customer tho lmao 🤣 I don't think 🤔🤔,,2026-07-26,5.0,in,False,other_or_unclear,not_stated,unknown,casual,not_stated,,,,,,,True
ps-00278,play_store,"The latest change to land makes it look like a wannabe for the iPhone. Suddenly all my photos were crammed together in little square tiles, cropped so they were harder to distinguish. At least I found the way to separate them by month. They I tried grabbing the scroller, and suddenly my phone was vibrating like mad. I don't want or need that. It's loud and obnoxious. But there is no way to turn it off. What idiot thought we needed that feature?",,2026-07-26,2.0,in,False,other_or_unclear,not_stated,unknown,casual,not_stated,,,,,,,True
ps-00279,play_store,"wow, it's awesome to have those lost pics, I give you guys kudos for this, Grace beyond!",,2026-07-25,5.0,in,False,other_or_unclear,not_stated,unknown,casual,not_stated,,,,,,,True
ps-00280,play_store,Worse with every update. Can't find anything. Constantly tries to make me turn on the auto backup despite repeatedly saying no. Bonus for constantly trying to show Gemini where no one wants it.,,2026-07-25,2.0,in,False,other_or_unclear,not_stated,unknown,casual,not_stated,,,,,,,True
ps-00281,play_store,I can never find my photo drafts,,2026-07-25,4.0,in,True,other_or_unclear,not_stated,unknown,casual,not_stated,,,,,I can never find my photo drafts,"User cannot locate saved photo drafts, cause unknown.",True
ps-00282,play_store,not great anymore. UX is worse with less contolls and more hidden stuff. Hitting OS back bring back to all your previous stuff including dumb remember when slidesshows with background music. no body asked for that.,,2026-07-25,2.0,in,False,other_or_unclear,not_stated,unknown,casual,not_stated,,,,,,,True
ps-00283,play_store,"This app has had ups and downs. I remember complaining about a functionality change on Twitter many years ago, chatted to the product manager who implemented a neat twist to give folks like me what they wanted but kept the main feature intact. But now? I am sick of being constantly nagged to enable Gemini. No matter how many times I say no the same prompt appears again and again and again. Google no longer believes in consent. No means no Google! What a weird and creepy company it has become.",,2026-07-25,2.0,in,False,other_or_unclear,not_stated,unknown,casual,not_stated,,,,,,,True
ps-00284,play_store,"Every update now encures a problem. I edit a photo unavailable for use anywhere else. done all the steps advised I found uninstalling the updates worked until they the infinite update gurus decide to break it again! I don't need AI to edit my photos, or Gemini to recognize anything also auto rotate is annoying with every photo in the wrong orientation every time! hence the edit problem! as once I edit not usable! absolute trash updates and continuing issues!",,2026-07-25,1.0,in,False,other_or_unclear,not_stated,unknown,casual,not_stated,,,,,,,True
ps-00285,play_store,"Once loved this for photo storing and basic manipulation, but the updates are terrible for any kind of photo editing. Cropping now showing curved corners instead of straight, pushy AI, and the inability to work in landscape mode are all huge downgrades. Update July 2026- now even browsing your pictures, the UI is covered with needless floating menus and mismatched image sizes making it hard to find pictures. 50% of my images are covered with black bubbles while scrolling",,2026-07-24,1.0,in,False,other_or_unclear,not_stated,unknown,casual,not_stated,,,,,,,True
ps-00286,play_store,"please put the filename back in the swipe menu, not hidden behind the drop-down, it makes it absurdly hard to compare which photos are duplicates or edits of each other when swiping back and forth between them, you need to scroll the pull-up menu down and expand the drop-down on each individual one you want to compare",,2026-07-24,3.0,in,False,other_or_unclear,not_stated,unknown,casual,not_stated,,,,,,,True
ps-00287,play_store,"I am very disappointed with the recent Google Photos layout changes. I used Google Photos every day as a source of comfort and enjoyed browsing my memories in the simple grid view with four photos per row. The new collage-style layout makes it harder to scroll through my photos and takes away the clean, organized experience I carefully enjoyed. I have been organizing 4 for years and all my hard work got takes away with this update",,2026-07-24,1.0,in,False,other_or_unclear,not_stated,unknown,casual,not_stated,,,,,,,True
ps-00288,play_store,Before this updation search option was available so that easy to find any person's photo.but this time that option is not available,,2026-07-24,4.0,in,True,people_or_event,misinterpreted,gave_up,casual,classic,person,,,,Before this updation search option was available so that easy to find any person's photo.but this time that option is not available,Search feature for finding photos by person was removed in update.,True
ps-00289,play_store,"this is very disappointing.. while trying to find some old pics which already uploaded a long time ago, I can't find them now. very sure I don't delete those because they are very pretty good memories, and look at them in some time intervals. while using the app with a subscription and finding out images are removed on its own is really frustrating. this is not just 1 time I found several time some sections of images been disappeared by its own. now I can't trust Google any more.",,2026-07-24,1.0,in,True,people_or_event,not_in_library,gave_up,sentimental,not_stated,rough_time,,,,"I don't delete those because they are very pretty good memories, and look at them in some time intervals...images are removed on its own",Old backed-up photos disappeared without user deletion; suspected automatic removal.,True
ps-00290,play_store,"It used to be easy to search through photos, but ever since the update? I can no longer find things with search even if I am typing exactly what I wrote for a description. It's become way more difficult to use and looks very chaotic for absolutely no reason. While some people may like the new layout, I hate it since there's no space between months so it's hard to separate the timeline, the photos are unevenly organized depending on the size, etc. Please bring back an option for the old format.",,2026-07-23,2.0,in,False,other_or_unclear,not_stated,unknown,casual,not_stated,,,,,,,True
ps-00291,play_store,Search is broken - seems like some key words are being deliberately suppressed,,2026-07-23,1.0,in,False,other_or_unclear,not_stated,unknown,casual,not_stated,,,,,,,True
ps-00292,play_store,"Horrendous UI, it's awful to scroll through, why are some pictures big and don't fit the grid when zoomed out all the way?? it's so ugly and so difficult to navigate, and if I delete the updates every single time I open the app I'm harassed to update.",,2026-07-23,1.0,in,False,other_or_unclear,not_stated,unknown,casual,not_stated,,,,,,,True
ps-00293,play_store,"Please give people a choice of how they want their photos laid out. The random choice of big photos influenced behind the scenes w/ai that I didn't ask for and should have been my choice... Downloading images or videos doesnt show up in order of download. For some reason GPhotos is reading the exif data of the item downloaded and placing it based if that in the gallery. Very bad, can't find family photos downloaded cause they end up being the year it was taken...",,2026-07-22,1.0,in,True,people_or_event,not_in_library,gave_up,sentimental,not_stated,person,exact_date,scroll_timeline,,can't find family photos downloaded cause they end up being the year it was taken,Photos misplaced by EXIF date parsing prevent finding downloaded family pictures.,True
ps-00294,play_store,This app is good because it can make remember some pictures and it make people recover all pic if you lost your phone if you are back up,,2026-07-21,5.0,in,False,other_or_unclear,not_stated,unknown,casual,not_stated,,,,,,,True
ps-00295,play_store,"It works good but it annoys me that you cant zoom out much. They also automatically hide half of your photos on the mainstream, I wish this was something you could turn off, the button that lets you unhide them has been moved and I cannot find it which is very annoying. i cant even find my own pics i dont want this app. another thing that bothers me is if I update too many photos at once to be a person or correct that they have someone marked as the wrong person it will just delete them.",,2026-07-21,1.0,in,True,other_or_unclear,cant_refine,gave_up,casual,not_stated,,,,,they automatically hide half of your photos on the mainstream... i cant even find my own pics,Hidden photos and moved unhide button prevent users from locating their own images.,True
ps-00296,play_store,"To help a few people out after the new (honestly horrible) update, when you scroll down and tap the three dots that appear in the top corner you can change the layout to day or month and select that the dates are shown. You can also still select a whole day or month of photos by selecting one and then tapping on the day/month at the top. The floating bar is unnecessary and everything just looks off regardless of how you customize the layout, I hope we can go back to normal with the next update.",,2026-07-21,3.0,in,False,other_or_unclear,not_stated,unknown,casual,not_stated,,,,,,,True
ps-00297,play_store,"I don't like how, in the latest update, some photos are randomly larger than all the others, instead of being a uniform size. It's fine to have that as an option for people who want it, but there should be an option to go back to the old layout. Scrolling through a uniform list of images is so much more user friendly.",,2026-07-21,2.0,in,False,other_or_unclear,not_stated,unknown,casual,not_stated,,,,,,,True
ps-00298,play_store,"the latest update is garbage. the search function is useless. I search up human, animal, painting, rollercoaster, all things that ARE IN MY CAMERA ROLL and all things I've looked up before. it used to find these things perfectly fine. but now it's completely useless and won't give me ANY results.",,2026-07-21,2.0,in,True,other_or_unclear,misinterpreted,gave_up,casual,classic,text_in_photo|visual_detail,,,"human, animal, painting, rollercoaster","search up human, animal, painting, rollercoaster... won't give me ANY results",Keyword searches that previously worked now return no results after update.,True
ps-00299,play_store,"very poor design with very limited control of your own files. Auto sorting if heavily flawed, sending videos and photo to random locations and searching for individual files by name does not work properly because it does read file names it ONLY READ THE CONTENT IN THE FILES. Its a repurposed internet search engine that is not able to handle mass data storage! Like being given a bicycle to enter a formula 1 race! ""Cause If it's not broken and worthless, it's just not googly enough""",,2026-07-21,1.0,in,True,other_or_unclear,misinterpreted,gave_up,casual,not_stated,,exact_words,,,searching for individual files by name does not work properly because it does read file names it ONLY READ THE CONTENT IN THE FILES,Search by filename fails because it indexes content instead of filenames.,True
ps-00300,play_store,Would be great to be able to have the search feature in locked folder. Ridiculous how this feature isn't available for lock folder in this app. Having to endlessly scroll to try and find something specific. Should also have the same feature month/day/year.,,2026-07-20,2.0,in,False,other_or_unclear,not_stated,unknown,casual,not_stated,,,,,,,True
ps-00301,play_store,the app now force you to select a picture of yourself before you can search in photos. it will pop up and nag everytime you try to search for something if you don't. it is truly annoying and unnecessary.,,2026-07-20,1.0,in,False,other_or_unclear,not_stated,unknown,casual,not_stated,,,,,,,True
ps-00302,play_store,I love how it groups people together & the search engine is very accurate,,2026-07-20,5.0,in,False,other_or_unclear,not_stated,unknown,casual,not_stated,,,,,,,True
ps-00303,play_store,"Okay. I mean, I absolutely despise the new layout when you edit photos because you practically have to scroll through everything before you come to the thing you need to edit. The Magic Eraser simply becomes worse and worse with each update that should make it 'better' but really sucks. I love playing with the photo-to-video, but the AI does some questionable things to the photo. Most commonly they either change the hair color, add a furry hat and glasses or make them walk and talk. Work on it.",,2026-07-20,3.0,in,False,other_or_unclear,not_stated,unknown,casual,not_stated,,,,,,,True
ps-00304,play_store,"i don't know where to start with this update. the constant influx of AI is annoying and my pics not being separated by day makes it hard to find what I'm looking for. if it's not broke, don't fix it",,2026-07-20,1.0,in,True,other_or_unclear,not_stated,unknown,casual,not_stated,,exact_date,,,my pics not being separated by day makes it hard to find what I'm looking for,"User struggles to find photos due to missing date-based organization, not specific search attempt.",True
ps-00305,play_store,"Google Photos is amazing. Free cloud backup, great search, and beautiful design. Keeps all my photos safe and organized. Best photo app",,2026-07-20,5.0,in,False,other_or_unclear,not_stated,unknown,casual,not_stated,,,,,,,True
ps-00306,play_store,"It would be great if Google Photos included an option to add a short note or caption while uploading photos. This would make it much easier to remember the context or story behind each photo years later. For example: - ""My son's 10th birthday at Gouri Resort"" - ""First family trip to Puri, July 2026"" - ""Dad's retirement celebration""",,2026-07-20,1.0,in,False,other_or_unclear,not_stated,unknown,casual,not_stated,,,,,,,True
ps-00307,play_store,"This latest update is terrible. Why clutter a photo app with a search bar when the old layout worked fine? Also, removing the option to turn off auto-playing videos makes scrolling through photos a chaotic, distracting mess. Please restore the old layout and bring back the auto-play toggle!",,2026-07-20,1.0,in,False,other_or_unclear,not_stated,unknown,casual,not_stated,,,,,,,True
ps-00308,play_store,"It's mostly good but some photos don't have my face highlighted or those of other ppl. There's no way to manually add a face so when I go to look up pictures of myself for sharing, etc. those photos aren't available and I have to scroll to find them if I don't know the date. Very inconvenient. Pleeeeeease add a manual face adding option.",,2026-07-20,3.0,in,True,people_or_event,not_in_library,gave_up,casual,not_stated,person|visual_detail,exact_date,scroll_timeline,,those photos aren't available and I have to scroll to find them if I don't know the date,Photos with undetected faces can't be found via face search; user must scroll timeline instead.,True
ps-00309,play_store,very Nice I can find My old Photo.,,2026-07-20,5.0,in,True,other_or_unclear,not_stated,found,casual,not_stated,,,,,I can find My old Photo,User successfully found old photos but provides no detail on method or memory cues used.,True
ps-00310,play_store,Dislike this update so much I'm looking for alternatives. What is wrong with Google they ruined the default call app now done the same with photos. Seriously can I ask do you really think this layout looks good ? Work experience developer.,,2026-07-20,1.0,in,False,other_or_unclear,not_stated,unknown,casual,not_stated,,,,,,,True
ps-00311,play_store,"fix scroll response of color settings etc, to make it easier to stop at zero value",,2026-07-19,3.0,in,False,other_or_unclear,not_stated,unknown,casual,not_stated,,,,,,,True
ps-00312,play_store,"where did the search feature go? I have to ""ask"" now? Will you stop trying to ""improve"" Google photos. Leave it alone. it's getting complicated to use. Unfortunately my phone only relies on Google Photos. it's becoming an annoying app to use. Stop the ""AI"" features. God it's infuriating! 😠",,2026-07-19,3.0,in,True,other_or_unclear,not_stated,unknown,casual,ask_photos,,,,,"where did the search feature go? I have to ""ask"" now?",User frustrated by forced switch from classic search to Ask Photos interface.,True
ps-00313,play_store,It's a little difficult trying 2 find my old pictures,,2026-07-19,4.0,in,True,other_or_unclear,not_stated,unknown,casual,not_stated,,,,,It's a little difficult trying 2 find my old pictures,User reports difficulty finding old photos without specifying search method or cues.,True
ps-00314,play_store,Fix the shorting date BUGS... stupid apps. download video on july 20 and you put it in June folder just because the file has a date. i must scroll to hundreds video just to find my newly downloaded.,,2026-07-19,1.0,in,False,other_or_unclear,not_stated,unknown,casual,not_stated,,,,,,,True
ps-00315,play_store,This app is very good and it works great for me to get everything done thanks it is a good app that helps me to find my lost pictures,,2026-07-19,5.0,in,False,other_or_unclear,not_stated,unknown,casual,not_stated,,,,,,,True
ps-00316,play_store,"I used to live it, now NOOOOOO WAY. the July 6 2026 update sucks. all thumbnails in app are all different sizes chosen at random and it sucks. I can even find te pictures I am looking for half the because the pictures are all different sizes. ABSOLUTELY SUCKS BIG TIME. the removed tbe feature to make them all the same thumbnail size.",,2026-07-19,1.0,in,True,other_or_unclear,cant_evaluate,unknown,casual,not_stated,,,,,I can even find te pictures I am looking for half the because the pictures are all different sizes,Random thumbnail sizes make it hard to visually distinguish and locate target photos.,True
ps-00317,play_store,"Baffling UI choices continue. Want to easily find a photo from a certain date using easy visuals? Tough. It's now a homogeneous mess that just dumps all your photos together with no separation. It gives a vague date at the top, but you might have three photos in a row from two different days. Don't worry, that doesn't matter because now photos uses ✨AI✨ because of course it does.",,2026-07-19,2.0,in,True,other_or_unclear,cant_evaluate,unknown,casual,ask_photos,rough_time,,,,Want to easily find a photo from a certain date using easy visuals? Tough.,Loss of visual date separation makes it harder to spot target photos by date cues.,True
ps-00318,play_store,"Please add subfolders to the Locked Folder in Google Photos. It would make it much easier to organize private photos and videos into categories like Personal, Family, Work, or Documents. This would improve privacy, save time when searching, and make the Locked Folder much more useful.This should fit comfortably within a 300-byte limit while clearly explaining the idea.",,2026-07-19,4.0,in,False,other_or_unclear,not_stated,unknown,casual,not_stated,,,,,,,True
ps-00319,play_store,"Google photos is a great app, I am really happy using it but now it is missing a search bar option which makes it difficult for me to search for photos.",,2026-07-19,3.0,in,True,other_or_unclear,not_stated,unknown,casual,classic,,,,,now it is missing a search bar option which makes it difficult for me to search,Removal of search bar interface prevents user from even attempting to search for photos.,True
ps-00320,play_store,"problem with the app on my pixel 9A I can scroll all the way down and it only goes to December 2024 but my memory is clearly show stuff from 2022 and 2023 and on my iPhone 16 pro all my 2021 2 3 4 5 and 6 pictures and videos are all there but on my 9A lots of them were missing and it only goes back to 2024. I have disabled and re-enabled the app. I've cleared the data, cleared the cache change the bunch of settings. nothing I have stuff from 2021 on my phone that's not showing up either",,2026-07-18,1.0,in,False,other_or_unclear,not_stated,unknown,casual,not_stated,,,,,,,True
ps-00321,play_store,"I really wish I could find a better app for my pictures. You all go in and do these updates that doesn't need them. I HATE this new update! Took out daily and now GROUP all pictures under the MONTHS 😡 I like knowing the exact date my pics were taken! Also adding names to the pictures. It used to keep the last person name added so if you had multiple pics, you could just go in and add their names, NOW you have to SEARCH THE NAME every single time now!",,2026-07-18,1.0,in,False,other_or_unclear,not_stated,unknown,casual,not_stated,,,,,,,True
ps-00322,play_store,"Slowly making the app worse. The search begins refusing, as it has for a year now.",,2026-07-18,2.0,in,True,other_or_unclear,not_stated,unknown,casual,not_stated,,,,,"The search begins refusing, as it has for a year now.",User reports search feature has been consistently broken for extended period.,True
ps-00323,play_store,"Google Photos is a useful app for storing, organizing, and managing photos and videos. The backup and search features make it easier to keep memories safe",,2026-07-18,5.0,in,False,other_or_unclear,not_stated,unknown,casual,not_stated,,,,,,,True
ps-00324,play_store,"thank you, save my photos and video for remember album",,2026-07-18,5.0,in,False,other_or_unclear,not_stated,unknown,casual,not_stated,,,,,,,True
ps-00325,play_store,Disable and force stop then use anything else and you'll probably have a better time trying to find the pictures you want. I dispise algorithms and apps trying to decide what I want to consume.,,2026-07-18,1.0,in,True,other_or_unclear,not_stated,gave_up,casual,not_stated,,,other_app,,Disable and force stop then use anything else.,User abandoned Google Photos in favor of other apps due to inability to find pictures.,True
ps-00326,play_store,"Not a big fan of the new default photos display that lumps EVERYTHING together with no discernable dates into one monstrous, endless block of pictures. Not sure whose genius idea that was to push on the latest update, but thankfully you can reverse it in settings. UI is worse with AI garbage being shoved in your face at every corner. 'Search' no longer works, and is steadily degrading every update. Becomes useless when you run out of storage. Miss when phones had their own contained galleries.",,2026-07-18,2.0,in,True,other_or_unclear,not_stated,unknown,casual,not_stated,,,,,"'Search' no longer works, and is steadily degrading every update.",User reports search function has become non-functional and worsens with updates.,True
ps-00327,play_store,"the google photos is the great 👍 photo app I ever had great photo management, easy to find photos. if you are looking for photo management app the google photos is the correct choice for you now 👋",,2026-07-18,5.0,in,False,other_or_unclear,not_stated,unknown,casual,not_stated,,,,,,,True
ps-00328,play_store,"I hate the smart folders I want all my pictures on my device (pixel, this is the default photos app) to be what I see FIRST when I open the app like it used to be. I can't edit the folders at all in the app, can't add more using photos downloaded to the device that aren't considered camera photos, and have to search through folders to find what I'm looking for. Please fix this.",,2026-07-18,1.0,in,False,other_or_unclear,not_stated,unknown,casual,not_stated,,,,,,,True
ps-00329,play_store,"Google Photos has smooth scrolling and an excellent Magic Eraser tool, which is the only reason I use it. However, the app completely ignores user autonomy. The backup feature repeatedly turns itself back on against my settings, forcing me to keep the entire app disabled until I need to edit. The interface is cluttered with annoying ""Memories"" that cause accidental clicks. A stable app is ruined by aggressive, unwanted cloud automation.",,2026-07-18,2.0,in,False,other_or_unclear,not_stated,unknown,casual,not_stated,,,,,,,True
ps-00330,play_store,The newly introduced Wardrobe feature is not working in my Moto Edge 50 Neo at all. The images keep scrolling for a very long time but nothing happens. Please help me with this issue.,,2026-07-18,3.0,in,False,other_or_unclear,not_stated,unknown,casual,not_stated,,,,,,,True
ps-00331,play_store,"I've been using this app for many years now!! and I'm disappointed to say that the new update actually made me want to yeet my phone. the update really sucks this year and I hate that the videos and photos are big while the others stay small. I can't edit the size either and sometimes the app glitches and everything turns grey and it's really frustrating. I was also disappointed with the album, search etc moved to bottom, hope this gets fixed!",,2026-07-17,4.0,in,False,other_or_unclear,not_stated,unknown,casual,not_stated,,,,,,,True
ps-00332,play_store,"i do not like new update,all months are merged in one scroll,before it was much better when it was seperated.",,2026-07-17,5.0,in,False,other_or_unclear,not_stated,unknown,casual,not_stated,,,,,,,True
ps-00333,play_store,"I have always loved the Google photos App- ♥️ I love the options & all of the tools that it has, as well as the new #AI Gemini with the photos App but unfortunately it is crashing A LOT and it has been for 6 months or longer. I really hope the Google developers can PLEASE fix this.",,2026-07-17,4.0,in,False,other_or_unclear,not_stated,unknown,casual,not_stated,,,,,,,True
ps-00334,play_store,The app was good until the recent update completely ruined the UI making it unorganized and hard to find pictures.,,2026-07-17,2.0,in,False,other_or_unclear,not_stated,unknown,casual,not_stated,,,,,,,True
ps-00335,play_store,"Can't download photos! Shared album photos went missing after user deleted them from their phone even after I backed up the photos? Shared users add photos they can see but I cannot, yet I get notifications. There is no clear identification of phone albums vs Google online albums. The new search is HORRIBLE. They show you pictures a decade old vs the most recent one with no way to sort. no way to download pictures so you have to take screenshot?! No conversion of Heic photos. Gui is frustrating",,2026-07-17,1.0,in,True,other_or_unclear,cant_evaluate,gave_up,casual,classic,rough_time|visual_detail,,other_app,,They show you pictures a decade old vs the most recent one with no way to sort.,New search returns chronologically mixed results with no sorting option.,True
ps-00336,play_store,"this update is awful, even though I didn't update it. it's one block of photos with no clear month or day organisation until you go in to collections. before you could pinch in and out to change from month to day, now you have to find the 3 dots then choose and even when you do it's one block of photos with the tiny date or month at the top of screen. imagine adding steps and still making it worse!",,2026-07-17,3.0,in,False,other_or_unclear,not_stated,unknown,casual,not_stated,,,,,,,True
ps-00337,play_store,I can't find my previous pictures,,2026-07-17,3.0,in,True,other_or_unclear,not_stated,unknown,sentimental,not_stated,,exact_date|exact_words|person_name|place_name,,,I can't find my previous pictures,User cannot locate older photos but provides no search attempt details.,True
ps-00338,play_store,"Worst app in the Google ecosystem. I think the developer team is different from others and they suck. They always try terrible ideas, circling things in the editing panel for AI regeneration, the bloody create tab which anyone uses, and now floating icons with labels for each tab which makes it impossible to find other tab icons, the biggest space for the active tab is the most ridiculous idea. They haven't made the only thing they should, enable to make pictures smaller enough by scrolling out.",,2026-07-17,1.0,in,False,other_or_unclear,not_stated,unknown,casual,not_stated,,,,,,,True
ps-00339,play_store,"The new layout for browsing images now expands images at random to take up the space of six or even nine images, even at the furthest zoom out. Makes it look really cluttered and unorganized. I get that they want to make it easier to look for a specific photo, but don't expand images when I've got them set to the smallest they can be on my screen. The new ai editing features will lower the quality of your image noticeably. I've also seen the app get slower upon turning Gemini features on.",,2026-07-17,1.0,in,False,other_or_unclear,not_stated,unknown,casual,not_stated,,,,,,,True
ps-00340,play_store,"It is officially time to stop using this worthless app, now that Google has decided to take away the ability to even search your own photos without using AI. I am not allowing you to train your AI algorithms on my content simply to allow me to search that content. So I guess I'm done with Google Photos permanently.",,2026-07-17,1.0,in,False,other_or_unclear,not_stated,unknown,casual,not_stated,,,,,,,True
ps-00341,play_store,"The latest update is a complete disaster. Because of their ""improvements"" I can no longer find anything that I'm looking for. Stop ""fixing"" things that aren't broken!!!",,2026-07-17,1.0,in,False,other_or_unclear,not_stated,unknown,casual,not_stated,,,,,,,True
ps-00342,play_store,"have changed the photo grid image sizes to ""varied"" with no option to change back to ""same size"" all grid photos... Search help, & it rambles about stacks.... FHS restore this or give us the option 👎🏻",,2026-07-17,1.0,in,False,other_or_unclear,not_stated,unknown,casual,not_stated,,,,,,,True
ps-00343,play_store,"Google Photos is truly one of the best apps for keeping our memories safe and organized. The easy backup, smart search, and simple way of finding old pictures make it a very useful app. Technology like this makes life easier. 👏📸",,2026-07-17,5.0,in,False,other_or_unclear,not_stated,unknown,casual,not_stated,,,,,,,True
ps-00344,play_store,The previous layout was better....now it's making problems to find the picture...some pictures are shown in large & some in small it really creates a mess....bad idea google please change to the previous one...,,2026-07-17,1.0,in,False,other_or_unclear,not_stated,unknown,casual,not_stated,,,,,,,True
ps-00345,play_store,QUESTION THE NEW UPDATE RUINS MY PHOTOS PLEASE ( FIX IT) IT LOOKS WEIRD AND VERY CONFUSING TO FIND A PHOTO • DON'T FEEL COMFORTABLE WITH THIS 😕😕,,2026-07-17,1.0,in,False,other_or_unclear,not_stated,unknown,casual,not_stated,,,,,,,True
ps-00346,play_store,"I don't know how to rate this app more than this 5 Star, it's gives me unlimited joy today, the pictures I've been looking for over 11 years ago, found it today, I'm very glad I have this app. Thanks to Google Photos",,2026-07-17,5.0,in,True,other_or_unclear,not_stated,found,sentimental,not_stated,rough_time,,,,"pictures I've been looking for over 11 years ago, found it today",User successfully located a long-lost photo after 11 years without describing their search method.,True
ps-00347,play_store,"The latest forced update has totally ruined the interface and usability. I pay for additional storage and have over 20,000 photos stored, and have always been able to set all thumbnails the same size which is essential to be able to scroll through lots of photos. Now every few rows there is a random photo 6 times the size of the rest. This change is pointless and makes it much harder to find the photo I want. I may need to find another app and pay for storage elsewhere",,2026-07-17,2.0,in,False,other_or_unclear,not_stated,unknown,casual,not_stated,,,,,,,True
ps-00348,play_store,from what I know it's the only way to check your photos. Goggle steals the photos any ways uploads them online. fragmented and created a folder for Every thing. Its sometimes very hard to find things. It just has everything all together. Made me update before i could see peoples photos. intrusive app! basically google wants access to your photos as with everything else whether you give it permission or not! And then it constantly bugs you to update. Doesnt allow sd card transfer! trash app.,,2026-07-17,1.0,in,False,other_or_unclear,not_stated,unknown,casual,not_stated,,,,,,,True
ps-00349,play_store,can't find photos. I am tired of you changing things without options,,2026-07-17,1.0,in,True,other_or_unclear,not_stated,gave_up,casual,not_stated,,,,,can't find photos. I am tired of you changing things without options,User gave up finding photos after repeated app changes removed customization options.,True
ps-00350,play_store,"this dangerous app, strangers are asking sharing partnership. this is breach of privacy itself how they are able to find my email address?",,2026-07-17,1.0,in,False,other_or_unclear,not_stated,unknown,casual,not_stated,,,,,,,True
ps-00351,play_store,Very low capabilities and weak search,,2026-07-17,1.0,in,False,other_or_unclear,not_stated,unknown,casual,not_stated,,,,,,,True
ps-00352,play_store,My app is not giving me all of the coupons that I choose. I tried to search for a deal on dog food and I know that they sell it bc I've bought it from them before. I couldn't even find it on the website. This is a awesome app for all of my photos.,,2026-07-16,5.0,in,False,other_or_unclear,not_stated,unknown,casual,not_stated,,,,,,,True
ps-00353,play_store,"no more ""reimagine"" or magic editor on my Pixel 9 Pro XL. also not found ""Ask Photos"" there.",,2026-07-16,1.0,in,False,other_or_unclear,not_stated,unknown,casual,not_stated,,,,,,,True
ps-00354,play_store,"New photo search is awesome, it is pretty accurate. Free unlimited storage is great, thanks google! Keep the auto awesome/assistant thing btw. Edit after years: This is still the best app I have ever used. Edit: look how they massacred my boy...",,2026-07-16,2.0,in,False,other_or_unclear,not_stated,unknown,casual,not_stated,,,,,,,True
ps-00355,play_store,"I don't want to backup all my photos, popups are so irritating and there is no way to deactivate it, searching for alternatives.",,2026-07-16,2.0,in,False,other_or_unclear,not_stated,unknown,casual,not_stated,,,,,,,True
ps-00356,play_store,"updated 2026 - google photos are getting greedy they have slowly over time made it impossible to have storage without paying a subscription and now they are adding more stuff that counts toward ur storage! ive used google photos storage for along as I can remember 19 years'ish they were amazing but they more they class that counts as storage ive not seen a great increase in free storage 2024 review - I absolutely love this app, I hope it never ever stops working,if it does I lose everything.",,2026-07-16,2.0,in,False,other_or_unclear,not_stated,unknown,casual,not_stated,,,,,,,True
ps-00357,play_store,Best App ever. It remember lot of good times happened in my life.,,2026-07-16,5.0,in,False,other_or_unclear,not_stated,unknown,casual,not_stated,,,,,,,True
ps-00358,play_store,"I love how it puts slideshows together for you, and how easily it remembers faces",,2026-07-16,5.0,in,False,other_or_unclear,not_stated,unknown,casual,not_stated,,,,,,,True
ps-00359,play_store,This app is frustrating. Navigating videos is really difficult. It jumps while minutes when I want to see the next few seconds. It's the same with editing. I just want to cut a video and navigating to the spot takes forever cause it jumps or when you hold down on the screen it gives you seconds at a time but only until you scroll to the end of the screen. Then you back out and get another 2 seconds. I try to pull screen shots and it jumps 2 or three seconds after the frame I asked for.,,2026-07-15,1.0,in,False,other_or_unclear,not_stated,unknown,casual,not_stated,,,,,,,True
ps-00360,play_store,can't find my photos when I want to put one in Facebook to send to a friend. didn't work,,2026-07-15,2.0,in,True,other_or_unclear,not_stated,unknown,casual,not_stated,,,,,can't find my photos when I want to put one in Facebook,User unable to locate specific photos to share; no search method described.,True
ps-00361,play_store,I can't find eraser tool in my google pixel,,2026-07-15,5.0,in,False,other_or_unclear,not_stated,unknown,casual,not_stated,,,,,,,True
ps-00362,play_store,"I love the daily memories feature. But, just as all other photos app its difficult to find a specific, one or few, photos. The search feature is not up to par.",,2026-07-15,5.0,in,True,other_or_unclear,not_stated,unknown,casual,not_stated,,,,,"difficult to find a specific, one or few, photos. The search feature is not up to par",Search feature inadequate for locating specific photos; general complaint without attempt details.,True
ps-00363,play_store,Love Google photos. So easy to access any pic your looking for from anytime anywhere .,,2026-07-15,5.0,in,True,other_or_unclear,not_stated,found,casual,not_stated,,,,,So easy to access any pic your looking for from anytime anywhere,User reports successful photo retrieval; positive experience with accessibility.,True
ps-00364,play_store,Old look is gone and not possible to go it back. (daily separation). no favorites like it was before. (no i do not want to play in the menus and spend my time to search) This is the 3rd-4th time when my favorites gone. And the top of that it is slow. previously it was fast and easy to use. Now it is oposite. I just stopped using it.,,2026-07-15,1.0,in,False,other_or_unclear,not_stated,unknown,casual,not_stated,,,,,,,True
ps-00365,play_store,AI has ruined the app. the search function is now useless. it thinks it knows what I want and throws in any old junk. the old search was flawless. Even after multiple prompts it seems to actually get worse and resorts to grovelling.,,2026-07-14,1.0,in,False,other_or_unclear,not_stated,unknown,casual,not_stated,,,,,,,True
ps-00366,play_store,"this app filled my storage space even when I deleted all my photos, I've searched for hours and only after deleting app the storage space was fine.",,2026-07-14,1.0,in,False,other_or_unclear,not_stated,unknown,casual,not_stated,,,,,,,True
ps-00367,play_store,the new update sucks ..made it harder to use. can't find photos quickly and can't organize and sort by day. actually would give 0 stars if I could. had to uninstall and go back to older version and now every time I open the app it has a popup that says I'm missing something good and to update now. can we please have a choice to get rid of the update notification permanently!!! the no thanks not now doesn't cut it!!!!,,2026-07-14,1.0,in,True,other_or_unclear,not_stated,gave_up,casual,not_stated,,,gave_up,,can't find photos quickly and can't organize and sort by day,Update made photo finding harder; user reverted to older version due to poor findability.,True
ps-00368,play_store,"The search option in Google Photos has disappeared. When it was available, it was very easy to find documents. Now it's becoming very difficult to search for them. It would be great if the search option could be enabled again.",,2026-07-14,1.0,in,True,id_bill_or_receipt,not_in_library,unknown,casual,classic,,,,,The search option in Google Photos has disappeared. it was very easy to find documents,Search feature removal made document retrieval difficult; functionality lost in update.,True
ps-00369,play_store,not happy with recent update. I have to scroll through all photos nothing is separated by dates. everything is in one long scroll.,,2026-07-14,2.0,in,False,other_or_unclear,not_stated,unknown,casual,not_stated,,,,,,,True
ps-00370,play_store,i thank this app because my gallery all photos are deleted 😞 I very disappointed but I search google photos all photos are save,,2026-07-14,5.0,in,False,other_or_unclear,not_stated,unknown,casual,not_stated,,,,,,,True
ps-00371,play_store,"why do you have to keep changing things this new stylised look is horrible I liked the simple look it had, also stop with the floating menus they are buggy and sometimes you scroll to the bottom and can't tap on things at the bottom as the floating menus are in the way",,2026-07-14,1.0,in,False,other_or_unclear,not_stated,unknown,casual,not_stated,,,,,,,True
ps-00372,play_store,"Coming from the Samsung ecosystem, I find my new Moto doesn't even have a gallery app (a primitive file browser that's just for images), instead it has this. This scans all folders (I only need the dedicated DCIM) with no option to exclude the noise. It all has a very long & disturbing amount of data collection: *reminder* I only need a local image browser, but your location, device info, what you see through your eyes and when it happened now belongs to Google.",,2026-07-13,1.0,in,False,other_or_unclear,not_stated,unknown,casual,not_stated,,,,,,,True
ps-00373,play_store,"They have taken or hidden my photos and told me to download this app to delete them and they can't find this device. Want to use my phone from 5 years, 3 phones ag9. I hate it when they steal photos!",,2026-07-13,1.0,in,False,other_or_unclear,not_stated,unknown,casual,not_stated,,,,,,,True
ps-00374,play_store,"The latest update makes scrolling through photos feel like you are using an Apple product. Why force users, who have more then enough brains not to buy an Apple device, to have an Apple experience?! Stop trying to make things better, you don't. You just make it worse! If it isn't broken, don't fix it.🤦‍♂️",,2026-07-13,1.0,in,False,other_or_unclear,not_stated,unknown,casual,not_stated,,,,,,,True
ps-00375,play_store,Hard to find new photos when you add them these days. Really have to hunt hard. Don't remember it being like that in the past.,,2026-07-13,2.0,in,True,other_or_unclear,not_stated,unknown,casual,not_stated,,,,,Hard to find new photos when you add them these days.,User perceives search has become harder for recently added photos without describing specific failure.,True
ps-00376,play_store,change the UI back get rid of Gemini,,2026-07-13,1.0,in,False,other_or_unclear,not_stated,unknown,casual,not_stated,,,,,,,True
ps-00377,play_store,looking for photo gallery that allows photos to be filed in independent album. plus able to lock access. to individual albums. like old system had. this is to difficult to use,,2026-07-13,1.0,in,False,other_or_unclear,not_stated,unknown,casual,not_stated,,,,,,,True
ps-00378,play_store,I can't find all my photos ??? and their not in any file either I'm very upset not finding precious photos.. let that sink in ⁉️...,,2026-07-13,1.0,in,True,other_or_unclear,not_stated,unknown,sentimental,not_stated,,,,,I can't find all my photos ??? and their not in any file either,User cannot locate photos with no attempted search or remediation strategy described.,True
ps-00379,play_store,"I am hoping that this App is easy to use and I am able to find my photos and videos easy. I can't seem to find them when they are in the ""Cloud."" I'm not a computer geek by know means. Here's hoping this App is Dummy Proof. LOL... I just downloaded this App. I haven't really had a chance to see all if it's Bells and Whistles.""",,2026-07-13,5.0,in,True,other_or_unclear,not_stated,unknown,casual,not_stated,,,,,I can't seem to find them when they are in the Cloud.,User struggles to locate photos stored in cloud without describing search attempts or specific cues.,True
ps-00380,play_store,"Turning off Gemini in photos now produces a persistent mag to turn gemini on as an ""ask photos"" placeholder icon... Turning on gemini and disabling all photos coats it. Google had no consideration for your privacy. They changed the layout again for the worse. Now you get a silly mosaic where some photos are larger than others. Any reasoning? No, just Google thinking is cute. It isn't.",,2026-07-13,1.0,in,False,other_or_unclear,not_stated,unknown,casual,not_stated,,,,,,,True
ps-00381,play_store,"I appreciate the restoration of perspective, but it has not been restored in Video which makes no sense. Please stop dumbing down functionality with unnecessary AI features while removing critical features that have previously existed. Photo Search is another egregious move, as if the majority of use cases are ""vibe hunting"" in their own photos. If I'm searching my own photos, it's because I'm looking for something specific (read: deterministic user searches).",,2026-07-13,3.0,in,True,other_or_unclear,not_stated,unknown,casual,not_stated,,,,,"Photo Search is another egregious move, as if the majority of use cases are vibe hunting",User prefers deterministic keyword search for specific photos over AI vibe-based search.,True
ps-00382,play_store,"This was an utterly brilliant app but is now utterly broken. It's mis labelling people and trying to correct it crashes the app. Searching crashes the app. Browsing crashes the app. This is on a Pixel 8 Pro. it's getting worse with time, not better.",,2026-07-12,1.0,in,False,other_or_unclear,not_stated,unknown,casual,not_stated,,,,,,,True
ps-00383,play_store,"Overall experience is next level, but in the latest updates I didn't find the magic ai tool by which I would be able to regenerate or remove specific parts of the photo.",,2026-07-12,5.0,in,False,other_or_unclear,not_stated,unknown,casual,not_stated,,,,,,,True
ps-00384,play_store,"Great app, awesome! It really helps, now I shared a link, easy to find my other photos some are ruined and some are just lost even my 11mths. old photo, I remember that I was standing there and hold a matchbox which is bigger in size and to get my attention to the camera, sadly I lost the photo or something I pass school project including family picture, I cut the edge of wallet size photo of mine and misplace somewhere maybe I will make my baby face didn't smile but fair wearing dress; shoes.",,2026-07-12,5.0,in,True,people_or_event,not_in_library,gave_up,sentimental,not_stated,event_or_occasion|object|person|visual_detail,exact_date,,,I remember that I was standing there and hold a matchbox which is bigger in size,Photo lost or deleted; remembered specific visual details but item no longer in library.,True
ps-00385,play_store,"The app layout used to be so good...but now all the photos appear together... without the photos of one date being separated from another date. Please change back to the previous one. Edit: Another issue. Setting Locations for each photo has become a nightmare, what I want to search for doesn't come up, and existing locations can't be removed easily",,2026-07-11,2.0,in,False,other_or_unclear,not_stated,unknown,casual,not_stated,,,,,,,True
ps-00386,play_store,"you do not have to rearrange my photos, when I try to show them as I've taken them, I can't find them,???",,2026-07-11,1.0,in,True,other_or_unclear,cant_refine,gave_up,casual,not_stated,rough_time,,,,"when I try to show them as I've taken them, I can't find them",Chronological organization removed; user cannot browse or refine search by date taken.,True
ps-00387,play_store,"Absolutely love Google Photos! The automatic backup gives me peace of mind that I’ll never lose my pictures. Plus, the memories and collages it creates automatically are beautiful. A must-have app! ⭐⭐⭐⭐⭐"" ""Life saver app for phone storage! Keeps all my memories secure in high quality. Super smooth and easy to use. ⭐⭐⭐⭐⭐"" ​""The best app to keep memories safe. The cloud backup is seamless, and the smart search feature makes it so easy to find old photos. Highly recommended! ⭐⭐⭐⭐⭐""",,2026-07-11,5.0,in,False,other_or_unclear,not_stated,unknown,casual,not_stated,,,,,,,True
ps-00388,play_store,"Google photos is the only option my phone came with. It's been fine until this last update. Before the last update, when you opened the app your photos would be shown by month/year taken so you only needed to scroll down to see older ones. It was easy and organized. With the new update, the organization is gone. All photos/videos are now shown in a haphazard mess. Sad. This app came with the phone and cannot be deleted and replaced.",,2026-07-11,2.0,in,True,other_or_unclear,cant_refine,gave_up,casual,not_stated,rough_time,,,,All photos/videos are now shown in a haphazard mess. Sad.,Loss of month/year organization makes finding photos by date taken impossible.,True
ps-00389,play_store,absolutely horrible it's storing photos all over the place and I can't find them. Samsung gallery is way better,,2026-07-11,1.0,in,True,other_or_unclear,cant_refine,gave_up,casual,not_stated,,,other_app,,it's storing photos all over the place and I can't find them,Photos stored disorganizedly; user switched to Samsung Gallery instead of searching.,True
ps-00390,play_store,I don't need Ask Gemini! Get rid of it! I can look for photos myself!,,2026-07-10,1.0,in,False,other_or_unclear,not_stated,unknown,casual,not_stated,,,,,,,True
ps-00391,play_store,l lost all my photos and I had backup with Google just because I lost my previous sim card and I couldn't remember the password,,2026-07-10,2.0,in,False,other_or_unclear,not_stated,unknown,casual,not_stated,,,,,,,True
ps-00392,play_store,"its bad, its also annoying, always sends you messages like ""do you remember this moment from 2023?"" and shows the most cringe photo, you also cant delete all photos. and then magic eraser works worse than you expect it.",,2026-07-10,1.0,in,False,other_or_unclear,not_stated,unknown,casual,not_stated,,,,,,,True
ps-00393,play_store,Google photos is good could you please add a feature to pin pictures that is used frequently because I cant scroll through 100 or 1000 plus pi tures to get to that one picture .,,2026-07-10,4.0,in,True,other_or_unclear,cant_refine,gave_up,casual,not_stated,visual_detail,,scroll_timeline,,cant scroll through 100 or 1000 plus pictures to get to that one picture,User can identify target photo but browsing scrolling is too tedious without filtering tools.,True
ps-00394,play_store,this app USED to be well organized and easy to navigate. Not anymore with all my photos and videos clumped together. Now it is exceptionally difficult to find a specific day. Please switch it back! 🫶🏻✨,,2026-07-10,3.0,in,True,other_or_unclear,cant_refine,gave_up,casual,not_stated,rough_time,,,,exceptionally difficult to find a specific day,UI changes degraded ability to navigate by date despite remembering when photo was taken.,True
ps-00395,play_store,"app is good, perfect to keep a hold of pictures but the new update of the gallery just looks so off the date is on the top when ever I scroll and I try zooming in and out to see if I can put the date on the old section but nothing... I liked when the gallery showed what picture was shown in different dates on the side instead in the top :/",,2026-07-10,2.0,in,False,other_or_unclear,not_stated,unknown,casual,not_stated,,,,,,,True
ps-00396,play_store,"20 years of memories were stole. Just for purchasing a new 2500.00 phone and paying for Google support at 300$ a year completely non existent yet to talknto anyone after millions of dollars worth if algorithms and research were stolen. api routes all your support and calls to fake call centers, even pretended to be white house gov",,2026-07-10,1.0,in,False,other_or_unclear,not_stated,unknown,casual,not_stated,,,,,,,True
ps-00397,play_store,"I do not like this update. The lack of separation from date to date makes it difficult to find anything in my camera roll. Everything looks cluttered and personally, I find the rows on 4 to be a better separation. Picking between 3 and 5 makes everything appear jumbled together",,2026-07-09,2.0,in,True,other_or_unclear,cant_evaluate,gave_up,casual,not_stated,,,,,lack of separation from date to date makes it difficult to find anything,Cluttered layout prevents user from filtering or scanning through results effectively.,True
ps-00398,play_store,I don't like the new update at all. why are some pictures bigger than others? its easier to view when they are all the same size especially for finding pictures. I miss pictures if I'm searching for a certain one when one photo is way bigger than other,,2026-07-09,2.0,in,True,other_or_unclear,cant_evaluate,gave_up,casual,not_stated,visual_detail,,,,I miss pictures if I'm searching for a certain one when one photo is way bigger,Variable photo sizes in grid impede visual scanning and selection of target image.,True
ps-00399,play_store,WHY DID YOU HAVE TO DESTROY IT. Completely changing the layout ruined a great app. I've used this ever since it came out and now I'm going to have to find a new photo album,,2026-07-09,1.0,in,False,other_or_unclear,not_stated,unknown,casual,not_stated,,,,,,,True
ps-00400,play_store,"the updates keep getting SO MUCH worse. AI is being added to every imaginable feature and making everything a thousand times worse. everything is 10x slower, it crashes constantly, the search feature is now 100% useless, and i do NOT want to use AI on any of my photos but keep getting it shoved down my throat. every update ruins the app more.",,2026-07-09,1.0,in,False,other_or_unclear,not_stated,unknown,casual,not_stated,,,,,,,True
ps-00401,play_store,"• SEARCH MADE SIMPLE: Your photos are easily searchable in a natural, descriptive way, like 'Alice and me laughing', 'Kayaking on a lake surrounded by mountains' or 'Emma painting in the back garden'.",,2026-07-09,5.0,in,False,other_or_unclear,not_stated,unknown,casual,not_stated,,,,,,,True
ps-00402,play_store,"Everytime you guys make an app that works good you have to change it. Looks like you recently changed Google photos. You may as well just get rid of the search feature all together , geez. Stop changing stuff if it works. Geez...",,2026-07-09,2.0,in,False,other_or_unclear,not_stated,unknown,casual,not_stated,,,,,,,True
ps-00403,play_store,"please go back to photos being separated by the day and month they were took, if feels so cluttered all the photos and videos being piled into one continuous scroll. trying to find a video from a different day now just gets lost in the clutter",,2026-07-09,1.0,in,False,other_or_unclear,not_stated,unknown,casual,not_stated,,,,,,,True
ps-00404,play_store,"this new update is so weird there should be an option to use the old viewing mode and the new viewing mode, it just got so much harder to find my pictures and videos",,2026-07-09,2.0,in,False,other_or_unclear,not_stated,unknown,casual,not_stated,,,,,,,True
ps-00405,play_store,"I am satisfied with the clean design change. However, I have to reconfigure the settings to view dates individually, and it is difficult to find the button to select all dates. I am using dark mode, but I cannot see the button to select all dates.",,2026-07-08,5.0,in,False,other_or_unclear,not_stated,unknown,casual,not_stated,,,,,,,True
ps-00406,play_store,"Recent update is bad. Some thumbnails are bigger than others. and there's an annoying menu when you scroll your photos that blocks part of the page. Instead of cleaning up the app, feels like too many PMs overloading it with stuff that makes it worse.",,2026-07-08,3.0,in,False,other_or_unclear,not_stated,unknown,casual,not_stated,,,,,,,True
ps-00407,play_store,"I rate 5 stars because this apps is very helpful to me, I have lost my phone but all my photos from almost 2023 to today are still kept here. As long as you remember your email,you will get back all your photos from lost/damage device. thank you so much for the developer.",,2026-07-08,5.0,in,False,other_or_unclear,not_stated,unknown,casual,not_stated,,,,,,,True
ps-00408,play_store,"With the damn pillow navbar, scroll triggers when minimizing. It's more of an Android problem, but you could at least not make it as apparent.",,2026-07-08,2.0,in,False,other_or_unclear,not_stated,unknown,casual,not_stated,,,,,,,True
ps-00409,play_store,I will never give you a good review or 5 stars you took away my library now I can't find my albums how dare you hurt me like this I want it put back now.,,2026-07-08,1.0,in,False,other_or_unclear,not_stated,unknown,casual,not_stated,,,,,,,True
ps-00410,play_store,"Photos is forcing AI generated ""creations"" that use your photos. If you want to use the image search and ask questions about pictures, you have to have this enabled. There is no way to disable it. I have turned everything off except the AI itself so I can still image search, but it is analyzing my photos without me telling it to. And it's generating extremely ugly AI images and pinning them at the top of my gallery in giant tiles that can't be hidden... Yet another awful addition in a long line.",,2026-07-08,1.0,in,False,other_or_unclear,not_stated,unknown,casual,not_stated,,,,,,,True
ps-00411,play_store,"When searching for photos for other apps using search at a certain point scrolling breaks and list jumps up. and it happens at the same spot every time. EXTREMELY ANNOYING. Check your ai code, indian people, before publishing Also search is VERY censored. Can't find tons of things because of it. I must reformulate quarries to get results. ANNOYING",,2026-07-07,1.0,in,True,other_or_unclear,cant_refine,unknown,casual,classic,,,rephrased,,search is VERY censored. Can't find tons of things because of it.,"Search censoring forces users to rephrase queries, blocking retrieval of legitimate photos.",True
ps-00412,play_store,I like this ad to help remember my past and future photos. thank you .,,2026-07-06,5.0,in,False,other_or_unclear,not_stated,unknown,casual,not_stated,,,,,,,True
ps-00413,play_store,there is a glitch in the 'free up space from the device' section. kindly fix it asap. It does not get updated even after simultaneous backing up of files and you have to manually search for ways to delete items from phone storage,,2026-07-06,4.0,in,False,other_or_unclear,not_stated,unknown,casual,not_stated,,,,,,,True
ps-00414,play_store,"First of all, when people write a review, they are looking for a solution, not for an evasive reply (""yea, yeah, whatever. Next!) Your app has basically hijacked my pictures. Every time I open it, it will give me a screen telling me to continue using the arrange my photos by face group, or something like that. No opportunity is provided to ""proceed"" or ""decline"" this feature. Basically, I no longer have access to any graphic information that was created, copied, downloaded, or produced.",,2026-07-06,1.0,in,False,other_or_unclear,not_stated,unknown,casual,not_stated,,,,,,,True
ps-00415,play_store,Literally the only useful feature was the search function. 0/10,,2026-07-06,1.0,in,False,other_or_unclear,not_stated,unknown,casual,not_stated,,,,,,,True
ps-00416,play_store,phenomenal especially with search with ai now 😎,,2026-07-05,5.0,in,False,other_or_unclear,not_stated,unknown,casual,not_stated,,,,,,,True
ps-00417,play_store,Find a idea how to free up space faster for everyone. 1. add these new features auto sync internal storage. Example when ever users delete a picture or video from internal storage. After that users click auto sync or sync it with it in google photo app settings it will delete all the pictures and video automatically from google photo so that it can free up space for everyone easy and faster. dont need waste time deleting internal storage and then deleting in google photo again .,,2026-07-05,5.0,in,False,other_or_unclear,not_stated,unknown,casual,not_stated,,,,,,,True
ps-00418,play_store,"Very useful feature ""Conversation"" is hidden God knows where... UI became extremely poor for the multi trillion-dollar company. By pure luck I was able to locate it: My profile->phone settings->Sharing->Manage sharing activity ->Conversation!!!! it's super bad... Then I was able to find a bit easier way through the Bell icon. Face recognition feature is horrible, mixing people or creating many identities from the one face. (for reals, it's extremely bad...)",,2026-07-05,3.0,in,False,other_or_unclear,not_stated,unknown,casual,not_stated,,,,,,,True
ps-00419,play_store,This is probably the best thing google developed as far as a reliability and rivals the apple cloud acting as another option which I my opinion is a lot better than apple. I'm just bummed I recently broke my 5g phone. going back to Android 14 hasn't been at all delightful but then on top of it this back up phone I'm currently using can't access Gemini. to which I was just getting use to and starting to enjoy spending hours with Google photos and Gemini working together. do urself a favor upgrade,,2026-07-05,5.0,in,False,other_or_unclear,not_stated,unknown,casual,not_stated,,,,,,,True
ps-00420,play_store,you can't really find past events by search....,,2026-07-04,3.0,in,True,other_or_unclear,not_stated,unknown,casual,not_stated,event_or_occasion,,,,can't really find past events by search,User reports difficulty finding photos by event type without describing specific search attempt.,True
ps-00421,play_store,to free my memory i deleted videos from this app just to find that the videos were deleted from my device also. thanks.,,2026-07-04,1.0,in,False,other_or_unclear,not_stated,unknown,casual,not_stated,,,,,,,True
ps-00422,play_store,Knocked down a star because where the ever living hell did my scrollbar go,,2026-07-04,5.0,in,False,other_or_unclear,not_stated,unknown,casual,not_stated,,,,,,,True
ps-00423,play_store,the new version sucks. I can't search for similar items in the photo editing like I used to,,2026-07-04,3.0,in,False,other_or_unclear,not_stated,unknown,casual,not_stated,,,,,,,True
ps-00424,play_store,"Creepy face identification now required to search photos! The photo search feature worked fine before, but now it will not let you search photos unless you help the AI identify your face and all your friends and family members' faces. Why are you being a stalker???",,2026-07-03,1.0,in,False,other_or_unclear,not_stated,unknown,casual,not_stated,,,,,,,True
ps-00425,play_store,I changed the device and I could not find a lot of my uploaded photos. I hope you help me with this. Thanks!,,2026-07-03,2.0,in,True,other_or_unclear,not_in_library,unknown,sentimental,not_stated,,,,,I could not find a lot of my uploaded photos,Photos uploaded but inaccessible after device change; not a search retrieval issue.,True
ps-00426,play_store,very frustrated with this app. it does not recognize subdirectories/albums. Showed all photos under dicm/camera directory tree. looking for better one.,,2026-07-02,3.0,in,False,other_or_unclear,not_stated,unknown,casual,not_stated,,,,,,,True
ps-00427,play_store,"search option got worse now , old search was better",,2026-07-02,1.0,in,True,other_or_unclear,not_stated,unknown,casual,not_stated,,,,,"search option got worse now, old search was better",General complaint about search regression without describing specific retrieval attempt.,True
ps-00428,play_store,"There are a few features I enjoy with this app, but it's overshadowed by the fact that the cost of cloud storage is ridiculous and the search doesn't work as well as it used to. sharing isn't as good as it used to be and I can't clean up my photos from within the files app on my phone like I used to.",,2026-07-02,1.0,in,True,other_or_unclear,not_stated,unknown,casual,not_stated,,,,,search doesn't work as well as it used to,User notes search functionality decline without detailing specific search attempt or failure.,True
ps-00429,play_store,search bar doesn't work like it supposed to be.,,2026-07-02,3.0,in,True,other_or_unclear,not_stated,unknown,casual,not_stated,,,,,search bar doesn't work like it supposed to be,Generic complaint about search bar malfunction without describing actual search attempt.,True
ps-00430,play_store,"can't delete the wardrobe album, just wasting space. can't search for photo descriptions or tags. can't mark albums to ""make available offline"".",,2026-07-02,1.0,in,False,other_or_unclear,not_stated,unknown,casual,not_stated,,,,,,,True
ps-00431,play_store,"All are Perfect but, once i open photos app, it's showing main menu and select a specific folder and going inside for searching photos then come reverse not coming main menu, Automatically close the app. it's a big issue. kindly solve and update",,2026-07-02,3.0,in,False,other_or_unclear,not_stated,unknown,casual,not_stated,,,,,,,True
ps-00432,play_store,"Good for photo storage and searching, but it sends too many memories/themed notifications each day and there isn't an option to fine-tune this other than to disable them. I like the occasional one to look back on but the current rate is pestering. Similarly, there's a pop-up (I think about AI editing of something? I dismiss it because I want to 👏 look 👏 at 👏 my 👏 photos when I open the app) that holds up using the app for what it's for. it's gotten pretty irritating to use.",,2026-04-20,3.0,in,False,other_or_unclear,not_stated,unknown,casual,not_stated,,,,,,,True
ps-00433,play_store,"AI search is slower, less accurate, and more presumptuous than the version we had before. When AI search first came out, we even had a choice between the two, no longer. It's forced AI that interests the companies' surveillance more than the customers' choice, and I'll be switching to another storage provider as soon as possible. For work, I'd look up ""maps"" to pull up maps of locations I service, but the AI assumes I want Google Maps or ""map view"" and takes over my phone's control to switch.",,2026-04-28,1.0,in,True,trip_or_place,misinterpreted,gave_up,urgent,both,object,,switched_search_mode,maps,"When I look up maps, the AI assumes I want Google Maps or map view.",AI search misinterpreted work-related map queries as navigation requests.,True
ps-00434,play_store,"Their is a lot to like about the photo app. the editing tools are great and very easy to use. The new AI edits are quite impressive. However, facial recognition! This used to work well but has become a complete mess recently to the point it's useless to even try and search by name. Random people in backgrounds are being assigned key family members. It ignores 50% of the people clearly in the foreground. And there is no way to manually assign people to help fix errors, Apart from remove photo.",,2025-06-14,2.0,in,True,people_or_event,misinterpreted,gave_up,sentimental,classic,person,,,,Facial recognition has become useless; random people in backgrounds are assigned to key family.,Facial recognition errors prevent reliable search by person name.,True
ps-00435,play_store,"I've been thinking about writing a review since the change in the way I can edit my own photos, but I thought it'd be fine. It's not. This sucks. Google lens is no longer in the suggested actions at the bottom, instead you have to tap on the three dots in the upper right corner, which is just unnecessary and annoying. The editor is actually trash now, like I'd rather download an extra app to edit/crop my pics and everytime I want to look through my albums it opens the search function.",,2025-10-09,1.0,in,False,other_or_unclear,not_stated,unknown,casual,not_stated,,,,,,,True
ps-00436,play_store,"I HATE the new organization of Collections. Now I have to click through multiple menus to find my folders, it takes longer and I don't want or need it. I also wish I could default to open on my Device folders which is what I use the most. I do not care about Memories. I hate the pop-ups that constantly ask me to back up my photos (which I do not want to do). This app gets worse and worse with every update. At least allow us to customize our default view! Please!!",,2024-12-05,3.0,in,False,other_or_unclear,not_stated,unknown,casual,not_stated,,,,,,,True
ps-00437,play_store,"This app is practically unusable anymore. The search engine doesn't ever freaking work when trying to find a specific photo, Even on Wi-Fi the page loads slow when trying to find a picture(Or doesn't load at all), It still doesn't have an option to where it can just save all of your photos/videos into albums without having to manually create them again. I'm only giving this 2 stars because it's one of the only ways that I know to backup my device photos without having to use a PC.",,2025-10-15,2.0,in,True,other_or_unclear,misinterpreted,gave_up,casual,not_stated,,,,,The search engine doesn't ever freaking work when trying to find a specific photo.,Search returns wrong or no results; slow load times prevent finding target photos.,True
ps-00438,play_store,"Service has steadily declined for years now. Lots of features just completely don't work, for example saving a new frame from a motion photo. They removed the ability to search your photos if they aren't backed up. The cherry on top is recently they added an effect to your memories so that a large number comes in and shows you how many years it's been, unfortunately this new effect has ruined to quality of every single photo it shows. I really don't know how some of this leaves beta.",,2026-02-17,2.0,in,True,other_or_unclear,not_in_library,gave_up,casual,not_stated,,,,,They removed the ability to search your photos if they aren't backed up.,"Unsynced photos become unsearchable, blocking access to locally-stored items.",True
ps-00439,play_store,"the new update makes zero sense, I likes it where I was able to just watch all my albums in one go, instead now it's all folder inside of folder?! I have bad memory and can't always remember if I've backed up a photo already, or if it's still on my device, not to mention now there's a pets and people tab, which you'd think would be nice, but no! I get constant reminders of people I don't want to see anymore with photos I thought were gone! thanks a lot Google, and not in a nice way!",,2024-08-19,1.0,in,True,other_or_unclear,cant_refine,unknown,sentimental,not_stated,,album_or_folder,,,I have bad memory and can't remember if I've backed up a photo already.,Nested folder structure prevents users from finding or verifying specific photo locations.,True
ps-00440,play_store,"this app used to be perfect, but the quality has gone downhill. the new ai search rarely finds the photos i want in comparison to the old search where i'd find my photos every time. there's also a recent bug where adding photos to an album sometimes creates duplicates, and they are really hard to get rid of. it seems to be related to a delay when pressing the button to add a collection of photos, sometimes this hangs for like 10 seconds and i think if i press it twice i get duplicates.",,2025-09-17,2.0,in,True,other_or_unclear,not_stated,unknown,casual,both,,,,,the new ai search rarely finds the photos i want in comparison to the old search,"User reports AI search retrieves photos worse than classic search, but describes no specific search attempt.",True
ps-00441,play_store,"They added search to the Add To Album popup! Someone *is* reading all those feedbacks I send!!! Easy backup of photos and videos. Nice interface for browsing photos and videos. Sometimes fails or errors out, but not too bad. Video creator is mostly automatic but I like the amount of tweaking it provides (adjusting music, filter, and titles).",,2025-06-09,5.0,in,False,other_or_unclear,not_stated,unknown,casual,not_stated,,,,,,,True
ps-00442,play_store,"Loved Google Photos. Always demonstrating to people how easy it was to find a photo i.e. 'Dog in a hat'. Now the search has changed to AI and it's terrible. Even changing to classic, the same search will show your photo briefly, then change to 'Nothing found' or a huge list of random garbage. I cannot search anything. So sad. I have thousands of photos in storage. Google was my end all, be all.",,2025-02-23,2.0,in,True,other_or_unclear,misinterpreted,gave_up,casual,both,,,switched_search_mode,Dog in a hat,"the same search will show your photo briefly, then change to 'Nothing found'","Search returns photo temporarily, then erases it or shows unrelated results; switching to classic does not help.",True
ps-00443,play_store,"Change is sometimes difficult. Finding specific photos varies between easy and challenging, depending on both Google's and your interpretation of search words. The latest changes have made it more difficult to find photos by people's names.. Those albums have disappeared from easy view; you have to figure out how to find them.",,2024-09-30,3.0,in,True,other_or_unclear,not_stated,unknown,casual,not_stated,,person_name,,,"Finding specific photos varies between easy and challenging, depending on both Google's and your interpretation",Differences between user intent and search interpretation make retrieval unpredictable; people-name search now harder.,True
ps-00444,play_store,"Google Photos is one of the best apps for storing and organizing photos. It automatically backs up your images, offers powerful search features, and groups faces and places accurately. The editing tools are simple yet effective. The cloud storage helps free up space on your phone. Some features now require a subscription, but overall it’s a reliable and smart photo management app.",,2025-07-23,5.0,in,False,other_or_unclear,not_stated,unknown,casual,not_stated,,,,,,,True
ps-00445,play_store,"I hate the latest update. please change it back. it takes so long to edit something now because you have to scroll across to access the different sliders and you can only see 2 at a time, so you have no idea how long you'll be scrolling for. Light and Colour options are on different menus and you have to exit one to access the other. I used to use both simultaneously. Who designed this?! Have you purposely made it difficult to use because you'll be releasing a paid version? it's infuriating.",,2025-09-25,1.0,in,False,other_or_unclear,not_stated,unknown,casual,not_stated,,,,,,,True
ps-00446,play_store,"I would give this 5 stars for being easy to use and easy to find my pictures, but it keeps insisting on backing up to the cloud. It seems like every other week it asks me if I want to turn on backup, even though I have repeatedly said no previously, and it defaults to yes, making it easy to accidentally turn backup on and filling up my Google account, as keeps happening with my mom.",,2025-02-13,3.0,in,True,other_or_unclear,not_stated,unknown,casual,not_stated,,,,,easy to find my pictures,"User states search is easy, but post is mainly about backup prompts and storage concerns, not retrieval failures.",True
ps-00447,play_store,"My favorites on my Motorola keep getting removed from that folder for no reason! This is the second time it has happened and as an artist, i use the favorites folder to save my references from my screenshots as a shortcut. It's irritating everytime it happens because then i have to spend an hour diving into the ocean of my almost 4k screenshots to find the reference im looking for. Fix it!!! PS: Please make it to where i can create my own folders, and stop trying to force me to turn on backup!!",,2024-10-25,3.0,in,False,screenshot_or_document,not_stated,unknown,sentimental,not_stated,,,scroll_timeline,,,,True
ps-00448,play_store,Poor usability. Can't select a bunch of photos to move them to an album AND archive at same time. (Photos have to be reselected for subsequent actions.) App insists on labelling my dog as one that died 15 years ago despite them being different colours. Basic editing options such as cropping and straightening are not as quick to access as they should be. Search terms and results are biased towards North American norms.,,2025-07-12,2.0,in,True,other_or_unclear,misinterpreted,unknown,casual,not_stated,visual_detail,,,,App insists on labelling my dog as one that died 15 years ago despite them being different colours,AI misidentifies dog by visual detail; search cannot distinguish between similar-looking subjects across time.,True
ps-00449,play_store,"Within the past couple weeks, I'm unable to use search - all searches return no results. App no longer grabs search terms from the 'commenting' area where I label important photos or screenshots from the past. I've tried force stop, reboot, update, clear cache - no change. Concerned that clear data or uninstalling will cause photo losses. Can anyone please give me my next SAFE steps to resolve this? Thank you.",,2024-09-04,2.0,in,True,screenshot_or_document,not_in_library,unknown,urgent,not_stated,text_in_photo,,gave_up,,all searches return no results. App no longer grabs search terms from the 'commenting' area,Search indexing broken: no results returned; photo comments (a core retrieval cue) are no longer indexed.,True
ps-00450,play_store,"I went into the app looking for something to send my sister only to discover that it's missing. Just before that I had asked the app to back up my photos to clear up space and it seems a handful had been erased entirely. I'm pretty irritated and now I'm wondering if this is a one time error or how often this happened previously and I never noticed before. I tried all the stuff the ""help"" section suggestions and nothing. Can't find those images or an explanation.",,2025-02-11,2.0,in,False,other_or_unclear,not_stated,unknown,casual,not_stated,,,,,,,True
ps-00451,play_store,"App is broken. It used to work fine until a recent update. When you attach an image to a text message about 60% of the image does not appear in the preview, which makes the preview completely worthless. You have to tap on the image to see it. Lots of other people complaining on Google message boards, but Google seems to be ignoring everyone. I'm looking for a new app.",,2024-11-30,2.0,in,False,other_or_unclear,not_stated,unknown,casual,not_stated,,,,,,,True
ps-00452,play_store,"They removed the ability to see photo information. it used to be if you clicked the ""about"" button it would tell you the format of the photo for example. now it's been replaced with an AI slop search bar. I don't need AI to look at my damn photo I need to know if it's a JPEG or PNG. Just another thing in the long list of AI slop features that no one asked for to make your user experience ""better"" you're welcome!",,2026-06-24,1.0,in,False,other_or_unclear,not_stated,unknown,casual,not_stated,,,,,,,True
ps-00453,play_store,"Now in addition to the frequent nag to turn on backups even after declining multiple times, there's an even more annoying constant BANNER on top to enable Gemini within the photo gallery. Again, declining does nothing, it's impossible to dismiss it. I'll switch to a third party photo gallery app instead that doesn't have this nonsense.",,2026-06-27,1.0,in,False,other_or_unclear,not_stated,unknown,casual,not_stated,,,,,,,True
ps-00454,play_store,"Google brought back the perspective tool for cropping images so I'm bringing my review back up to 5 stars. Magic eraser tool works surprisingly well. Editing an image using prompts to Gemini has been really helpful in some cases, but it also horribly misses the mark other times. Looking forward to that functionality improving over time.",,2026-06-28,5.0,in,False,other_or_unclear,not_stated,unknown,casual,not_stated,,,,,,,True
ps-00455,play_store,"Google is well on the way to destroying what used to be very good app with their censorship BS. NSFW photos are here to stay, and as long as editing and searching with Lens don't go outside of each person's account it is ludicrous to restrict them. It is very frustrating as a semi-professional photographer to have the AI editing restricted and Lens restricted and Nano Banana 2 restricted and leave out a large segment of users who have no thought of misusing it.",,2026-07-02,2.0,in,False,other_or_unclear,not_stated,unknown,casual,not_stated,,,,,,,True
ps-00456,play_store,"It's not possible for my partner to share back only photos of our child. She can only share all her photos via Partner sharing. Edit: Still not able to enable this customized Partner Sharing from my partners iPhone. No idea why. Also: The location search when adding a location to a photo that has none is completely broken. Sometimes it doesn't show any results, even when just beginning to type with 'a' or whatever. Recently on my Galaxy S24 it stopped showing photos made with the stock App.",,2026-06-28,1.0,in,False,other_or_unclear,not_stated,unknown,casual,not_stated,,,,,,,True
ps-00457,play_store,"The app is good, but I wish the photos in albums could be zoomed out like in the overview or favorites view; they feel too close, and some of my albums are too big, making it difficult to find what I'm looking for. I would also like them to be separated by date and to allow you to switch between older to newer and vice versa. Something similar to how photos appear in favorites.",,2026-05-24,5.0,in,False,other_or_unclear,not_stated,unknown,casual,not_stated,,,,,,,True
ps-00458,play_store,"this app is so frustrating, and I always struggle to find the feature I want. today I just wanted to switch between the 2 Google accounts so that I can try and create an album on my other account and I couldn't find the way to switch accounts. there is no profile picture anywhere. Aaarrrrgggghhhh! update: my profile photo has re-appeared again in top right corner. wasn't there at time of review. updating to 3 stars as still a frustrating UI.",,2026-05-28,3.0,in,False,other_or_unclear,not_stated,unknown,casual,not_stated,,,,,,,True
ps-00459,play_store,"Next time I'll get a phone under another name. I hate this app. Constantly trying to trick you into using their backup so they can charge you more. Search function sucks. They put Screenshots in random places, sometimes *even* in a Screenshots collection, sometimes not. Also, they will actually *REMOVE * photos from your device if you have backup turned on - found that out the hard way one day when I had no internet access, photos were gone from device. I'll look for another app. This is POS.",,2026-04-01,1.0,in,False,other_or_unclear,not_stated,unknown,casual,not_stated,,,,,,,True
ps-00460,play_store,I used to really like this app but things have gotten so confusing that it's nearly impossible to find pictures. I don't understand why sometimes pictures from the cloud show up and sometimes they don't. Why can I not see all my pictures in the main feed? Often I'll save a picture and it will be seemingly nowhere. Screenshots are the worst. The only features I can appreciate are sorting people by face and the AI search to find specific things (when it works).,,2026-04-18,2.0,in,True,other_or_unclear,not_stated,unknown,casual,both,,,,,I don't understand why sometimes pictures from the cloud show up and sometimes they don't.,User reports inconsistent visibility of photos but describes no specific search attempt or outcome.,True
ps-00461,play_store,"UGH. Now every time I edit a photo, I can't access it from any apps for some time. Google, are you looking at all of these reviews? Things used to work well. Now I frequently can't find photos and your links to ""help"" aren't helpful. Basic functionality should be prioritized over bells and whistles. The editing is awful, Magic Eraser doesn't work, AI editing is terrible, etc.",,2026-06-13,1.0,in,False,other_or_unclear,not_stated,unknown,casual,not_stated,,,,,"Now every time I edit a photo, I can't access it from any apps for some time.",,True
ps-00462,play_store,I absolutely hate the AI thing. I can't find photos as easily as I used to never the ai thing always had a damn issue finding it! it's literally ARTIFICIAL INTELLIGENCE but it can't do anything. put it back to how it used to be!,,2026-06-28,1.0,in,True,other_or_unclear,not_stated,unknown,casual,ask_photos,,,,,the ai thing always had a damn issue finding it! it's literally ARTIFICIAL INTELLIGENCE but it can't do anything.,User complains AI search fails but describes no specific search attempt or what they were looking for.,True
ps-00463,play_store,"I used to be able to search for memes and find them. Now when I search for the same things I have been, I am being told ""nothing found"". I don't always have time to put the pictures in their folders. Since switching phones all my photos got all mixed up and I can't find anything anymore! I liked the Samsung gallery better. I have even tried downloading photo sorting apps to help and paid apps but still the Google photos stays a mess. I have even tried to adjust settings to auto update folders!",,2026-06-19,1.0,in,True,object_or_product,misinterpreted,gave_up,casual,classic,text_in_photo,album_or_folder,date_or_map|other_app,memes,"I used to be able to search for memes and find them. Now when I search for the same things I have been, I am being told ""nothing found"".",Previously working keyword search for 'memes' now returns nothing; user tried sorting apps and folder adjustments.,True
ps-00464,play_store,"I have multiple folders in my gallery. The app doesn't give me the choice of what folder I want. When doing photo to video, I try to scroll down, but the app keeps switching between different folders randomly, and there's no way to stop it. Also, every picture I choose gets to about 45%, then stops. No explanation. Out of 30 or 40 pictures I tried, only 3 were turned into videos. Honestly, this sucks. I would uninstall this if it let me, but it won't.",,2026-06-21,1.0,in,False,other_or_unclear,not_stated,unknown,casual,not_stated,,,,,"The app doesn't give me the choice of what folder I want. When doing photo to video, I try to scroll down, but the app keeps switching between different folders randomly.",,True
ps-00465,play_store,"Absolutely horrible to use especially on windows. No file names visible. The biggest problem is when downloading lots of photos and if you don't make a note of what you selected to download, once the download is finished you won't remember which photos you download and end up redownloading them. Been using it today and yesterday and it's highly frustrating. Very basic file system worse than those 30 years ago. You select X number of photos to delete you press delete and nothing happens.",,2026-06-10,1.0,in,False,other_or_unclear,not_stated,unknown,casual,not_stated,,,,,"The biggest problem is when downloading lots of photos and if you don't make a note of what you selected to download, once the download is finished you won't remember which photos you download.",,True
ps-00466,play_store,"This is the worst photo app I've ever used. Instead of having a list of galleries, it creates ""collections"" which require extra clicks to get to where you need to be. On top of that, in some apps there's not always an option to speed scroll so I have to spend minutes slowly scrolling through thousands of pics. Why is such a basic feature not available in all instances? If I had a choice, I wouldn't use it at all, but I'm forced to use it to send photos and videos through messages and some apps.",,2026-04-01,1.0,in,False,other_or_unclear,not_stated,unknown,casual,not_stated,,,,,"Instead of having a list of galleries, it creates ""collections"" which require extra clicks to get to where you need to be.",,True
ps-00467,play_store,"The crop tool glitches if you use the auto crop and then try to adjust it. You can't crop from one side at a time, only from a corner. When you hold your finger to see the original, it shows you the pre-cropped version. You can't enhance and then see what was changed to adjust it. And you have to save a copy. These updates went the wrong direction. The only thing that's better is you can search for your albums as you're adding to them.",,2026-04-11,3.0,in,False,other_or_unclear,not_stated,unknown,casual,not_stated,,,,,The crop tool glitches if you use the auto crop and then try to adjust it.,,True
ps-00468,play_store,"🤬 Omg, STOP adding new features and STOP reorganizing the photo editing buttons! Previous versions were easier and now more difficult to find what I'm looking for. Also, where are the crop features that allow me to adjust individual corners and rotate by degree? bring those back please. STOP UPDATING it!!! If the app was good, don't fix what isn't broken. Seriously. Update: I needed the actual coordinates of my photos, not to open it in GMaps and go to a street address!!!",,2026-05-02,1.0,in,False,other_or_unclear,not_stated,unknown,casual,not_stated,,,,,STOP adding new features and STOP reorganizing the photo editing buttons!,,True
ps-00469,play_store,"Next to impossible to search for a photo. AI is just hopeless & worthless ! Have 5TB storage in Google cloud/ account/ drive/ photos/ mails, and 100% uploading settings for photos. But, after uploading manually from SD card too and seeing the progress of upload and its completion through share option, not a single photo is found even through date or AI. It happens in regular manner. Can't search for the desired and actual photo by any means provided in the app. Just Hopeless & useless !",,2026-06-21,1.0,in,True,other_or_unclear,not_in_library,gave_up,casual,both,rough_time,,,,"after uploading manually from SD card too and seeing the progress of upload and its completion through share option, not a single photo is found even through date or AI.",Photos uploaded manually show completion but remain unfindable through date search or AI despite full backup settings.,True
ps-00470,play_store,"Up and down, finally a bit more stable. Some things are great, but base functionality of a photo gallery can be buggy. A lot of new features, but at its core, I just want a place for my photos be live, be accessible, searchable, and stable. The other features are nice, when the base is covered. At least I can get my photo information again - a couple years ago they really borked this app.",,2026-04-20,3.0,in,False,other_or_unclear,not_stated,unknown,casual,not_stated,,,,,,,True
ps-00471,play_store,"Up until the recent update, I'd give it a 4-5. I really hate the new ""improved"" look. I already know what my albums cover picture is, I don't need to see it when I open my album. Also, the blurred task bar at the bottom as well as the small search bar at the top, are just distracting and add nothing to the functionality of the camera roll.",,2026-05-12,1.0,in,False,other_or_unclear,not_stated,unknown,casual,not_stated,,,,,,,True
ps-00472,play_store,"terrible photos app. takes photos organized in albums and puts them into random collections and is missing 5 years of items which can be found with a search but dont show up anywhere and you cant seem to change the ""collections"". its a giant pain when you have 19000 items in the gallery. i regret getting a pixel phone entirely due to this app and the lack of customer service",,2026-04-23,1.0,in,True,other_or_unclear,not_in_library,unknown,casual,classic,,,switched_search_mode,,missing 5 years of items which can be found with a search but dont show up anywhere,Photos found via search but not visible in collections or gallery view navigation.,True
ps-00473,play_store,"Editing is great , but I find now days that's the only reason I use the app. Trying to navigate the app is counterintuitive and a time waster. Why has Google made it near impossible to find folders when it used to be so simple and straight forward. I find my phone's native photo app so much easier to navigate and instantly find what I'm looking for.",,2026-06-12,3.0,in,False,other_or_unclear,not_stated,unknown,casual,not_stated,,,,,,,True
ps-00474,play_store,"As a CS major, nonsensical changes made recently so someone can document it as work to meet a quota. Trying to upload photos became frustrating due to bad UI changes. I have 2 primary selections: Photos & Collections. Photos has all my photos but obv. requires a lot of scrolling for old photos. Collections has Camera, People & Pets, From this device, From your apps, Screenshots. Prior, all my albums were accessible in 1 place. Now they're split. Absolutely awful UX. Did a LLM decide this?",,2026-06-10,1.0,in,False,other_or_unclear,not_stated,unknown,casual,not_stated,,,,,,,True
ps-00475,play_store,"edit: they removed the option ""reimagined"" you need to search with with the magnifier, and then it's basically useless, it can't remove backgrounds anymore, this app is getting worse by the minute. When you edit photos, if you do any kind of retouching then you save, the photo turns into an all black square 100% of the time. Making the app function basically useless. please fix that",,2026-05-21,1.0,in,False,other_or_unclear,not_stated,unknown,casual,not_stated,,,,,,,True
ps-00476,play_store,"This app is seriously frustrating to use. The Photos app keeps crashing randomly even during normal use, and it’s becoming unreliable to the point where I can’t depend on it for basic tasks like viewing or organizing my gallery. There’s no heavy usage, no unusual actions, just simple scrolling or opening images, and it suddenly crashes. This shouldn’t be happening on a standard device. It disrupts everything and makes managing photos unnecessarily stressful.",,2026-03-31,1.0,in,False,other_or_unclear,not_stated,unknown,casual,not_stated,,,,,,,True
ps-00477,play_store,"Hi, support staff I just wanted to let you know that when I edit photos and use the Healing, Smooth, and other options under the Action button after saving, I can't see my picture; it just shows black. However, if I remove all of the action, I can see my picture. In other words, those options aren't working. I'm not sure if there is a technical problem with the app or my phone, but the app is up to date. Please find a solution to this problem if you can. thanks.",,2026-06-02,5.0,in,False,other_or_unclear,not_stated,unknown,casual,not_stated,,,,,,,True
ps-00478,play_store,"Not sure when it began, but the recent prompt that forces users to actively choose between backing up and not, with no way to close the menu and a ""Backup now, clean up later"" message is predatory; however, its vile nature is befit to opening Google Playstore for yet another attempt to force me to enter a payment verification method: no, I don't need one, because I'd never purchase through a vendor that uses these tactics. Can't find words strong enough to describe my disgust.",,2026-06-25,2.0,in,False,other_or_unclear,not_stated,unknown,casual,not_stated,,,,,,,True
ps-00479,play_store,"I wish that this app would organize all of my backed up & recovered media files into the same albums/order that they were originally in when they were in my phone’s gallery. After using this app to free up memory on my phone, all of my stuff basically got shuffled together with no sort of order. At this point, I'll probably find the One Piece before I can find any of the specific pics/ vids that I need at a given time. Well, at least my phone still got a ton of storage space cleared in the end",,2026-06-22,3.0,in,True,other_or_unclear,not_in_library,gave_up,casual,not_stated,,,,,I'll probably find the One Piece before I can find any of the specific pics/vids,"Recovered media lost original album organization, making specific photos unfindable.",True
ps-00480,play_store,"I would really like to be able to label my horse under the people and pets categories. Why isn't there an option to select a face on a photo to add a label? Sadly, it only detects human faces. I can pull up several pictures of my horse when I search for horse, but I would really like to be able to label the pictures myself into a label. A manual selection labeling feature would be really nice for pictures that have faces that are not automatically detected.",,2026-06-26,4.0,in,False,other_or_unclear,not_stated,unknown,casual,not_stated,,,,,,,True
ps-00481,play_store,"October 17, 2025: most recent update took away a feature that I used or had more of a preference. when searching for key words, it gave the option for ""most recent"" or ""best match"", that is still there but under most recent it showed searched key words and organized it by date. I have to now pinch zoom x2 for it to break down into chronological order. I wouldn't mind it, if I didn't have to keep doing that every time. Improve the search option, it's been worse the last two updates",,2026-06-22,1.0,in,False,other_or_unclear,not_stated,unknown,casual,not_stated,,,,,,,True
ps-00482,play_store,"The app lags too much(even though my phone has enough storage around 100gb), whenever I try to upload/delete/want to share any photo or media it lags very much, I end up closing app the always. If I have to find any photo/video or any media I have to wait for around 5 mins, it makes me frustrated.",,2026-06-26,1.0,in,False,other_or_unclear,not_stated,unknown,casual,not_stated,,,,,,,True
ps-00483,play_store,"generally speaking great app until you use ""free up phone storage"" and the photos disappear from the Google photos tab only to be found when searched by date. i did everything chatgpt could think of and it didn't fix it. They aren't in the archive and i cleared both the cache and the storage to try to repopulate and neither helped.",,2026-06-30,2.0,in,True,other_or_unclear,cant_evaluate,found,sentimental,classic,rough_time,,other_app|scroll_timeline,date,photos disappear from the Google photos tab only to be found when searched by date,Photos became invisible in library view but were retrievable via date search.,True
ps-00484,play_store,"this is not what I expected for an update. I have a Samsung se f25 and it turns out all the photos I transfered from my previous phone has suddenly went only to photos when in prior, It was used in regular camera and my photos were in the gallery. how come I come to find our all my photos since I acquired the phone not too long ago, to suddenly go missing. and its only on photos. I have no access to my photos and this is ridiculous. I lost photos to this app for no reason.",,2026-06-21,2.0,in,False,other_or_unclear,not_stated,unknown,casual,not_stated,,,,,,,True
ps-00485,play_store,"You need to bring the rewind and fast forward buttons back! Also, it's getting very difficult to search for pics and videos when you type in words now because it won't accept the words with or without quotation marks now. can y'all make it more easier again please?",,2026-06-30,3.0,in,True,other_or_unclear,misinterpreted,gave_up,casual,classic,,,,words with or without quotation marks,won't accept the words with or without quotation marks now,Keyword search stopped accepting text queries that previously worked.,True
ps-00486,play_store,"I use this app for as long as I can remember and it gets worse every year. Both design/UX and implementation are horrendous. It's buggy, non functional and annoying to use. I can't believe it is made by Google.",,2026-06-26,1.0,in,False,other_or_unclear,not_stated,unknown,casual,not_stated,,,,,,,True
ps-00487,play_store,"Y'all added a new feed feature, that was useful especially for people like me who have thousands of edits from TikTok and I was finally able to scroll them inside the gallery. But then you removed it... Perfect app, but such a mess up is crucial, in my opinion.",,2026-06-26,5.0,in,False,other_or_unclear,not_stated,unknown,casual,not_stated,,,,,,,True
ps-00488,play_store,"Google Photos' search and automatic organization are impressive, but managing thousands of photos across many different events can still be challenging. Adding a robust folder-based system like Drive, with the ability to move and copy pictures between folders, and even a duplicate photo finder, would be huge improvements. This would make it far easier to keep specific trips, events, and memories organized and manage cloud storage effectively. I hope the features will be added soon.",,2026-05-11,2.0,in,False,other_or_unclear,not_stated,unknown,casual,not_stated,,,,,,,True
ps-00489,play_store,"I've been in the Google universe for ages, a paying customer. The new editor version broke everything. I need less AI, not more!! The most useful edit, the regular quick fix was ruined, as it saves a copy now, so there's no baseline to revert to - probably to force me to take up more space so that I would pay for more storage. New AI search is horrible and fails. If I edit something, I cannot decide to add another edit and must start from scratch again. I bitterly hate it now",,2026-04-11,1.0,in,True,other_or_unclear,not_stated,gave_up,casual,ask_photos,,,,,New AI search is horrible and fails,"User gave up on AI search after it failed, without describing specific attempts.",True
ps-00490,play_store,"I am beginning to loathe this app. I can't even uninstall it to recover the factory setting. One time I couldn't delete photos for 2-3 months. A recent update moved all the deckchairs on what is frankly starting to look like the Titanic. We have to go on the hunt to find the familiar components- why move them? WHY? WHY? WHY? Edit: today's ""update"" changed the default view and the goggle lens menu item was history. I found I had to change it to Weekly View or something to retrieve it. Pointless.",,2026-06-06,2.0,in,False,other_or_unclear,not_stated,unknown,casual,not_stated,,,,,,,True
ps-00491,play_store,"I have questions & need some answers !! I've been using this app since 2017. I need to know, how to add a photo to a face group; when the option doesn't exist to add to a face group? To identify the person or animal in the photo? I have asked for feedback, while using the app & I haven't received a response yet! I like having the face groups, so if I'm looking for a particular person's or animal's picture, it makes it more readily available, to locate in a terabyte of pictures. Can we add option",,2026-05-19,4.0,in,False,other_or_unclear,not_stated,unknown,casual,not_stated,,,,,,,True
ps-00492,play_store,"Not sure if I like the update to the search feature, I went to search today and was confused, I feel the previous search was a lot more accurate this time it gave me a bunch of random photos that were not related to what I entered, Otherwise I love google photos. It keeps all of my photos in one place, I love the albums I share with my family, We all have an album that we share together, and it is great",,2026-04-22,5.0,in,True,other_or_unclear,misinterpreted,gave_up,casual,not_stated,,,,,it gave me a bunch of random photos that were not related to what I entered,Search update returned irrelevant results instead of matching the user's query.,True
ps-00493,play_store,"They changed the user interface and it sucks! At least give us the option to change it back! Now it's sooo much harder to find the albums and pictures I'm looking for. Y'all were doing good with some of the updates, and even other features that I don't care for, but this time I had to say something. Please change it back or give us the option to change it back. This makes me want to find a new app and uninstall yours!",,2026-05-20,2.0,in,False,other_or_unclear,not_stated,unknown,casual,not_stated,,,,,,,True
ps-00494,play_store,"I went to search today and was confused. I feel the previous search was a lot more accurate. This time it gave me a bunch of random photos that were not related to what I entered. Otherwise I love google photos. It keeps all of my photos in one place. I love the albums I share with my family. We all have an album that we share together, and it is great.",,2026-05-02,4.0,in,True,other_or_unclear,misinterpreted,gave_up,casual,not_stated,,,,,it gave me a bunch of random photos that were not related to what I entered,Search update returned irrelevant results instead of matching the user's query.,True
ps-00495,play_store,"every single time I open the app it pops up a ""beautiful"" ai image and a ""try it out!"" how many times should I have to say no before it realizes I don't want ai. no. layout also is a mess. Keeps pictures and screenshots in 2 completely different areas. Not sure why there isn't just a ""on this device"" home screen. I don't want to navigate for t minutes just to find my screenshots.",,2026-04-23,1.0,in,False,other_or_unclear,not_stated,unknown,casual,not_stated,,,,,,,True
ps-00496,play_store,"bloated with lots of ""embellishments"" for photo editing but Photoshop does a way better job. ask if ppl want collages (i really really don't wanna see collages with some troll selfies.. that's like taking something ironic seriously. I don't want collages and animations with selfies in general). would be cool if the search bar were a bit more accurate but i guess that takes more time. i would definitely swap filter effects with photo tagging options (or even auto-tagging. would sell a kidney for",,2026-04-02,1.0,in,False,other_or_unclear,not_stated,unknown,casual,not_stated,,,,,,,True
ps-00497,play_store,"very Great photo app sybc but.... I hate that virtually every edit requires you to ""save copy"" now. I almost never want to do that and then have to delete the original. Ever when doing something as basic as rotating a photo it makes you noW save a copy. It really increases the workload of editing photos when you want to make a minor change and then have to save a copy, come back out, find the original, delete the original, navigate to the next photo and do it all again. Please let me just save",,2026-05-13,4.0,in,False,other_or_unclear,not_stated,unknown,casual,not_stated,,,,,,,True
ps-00498,play_store,"I have been using for over 10 years?! Anyway, this has been a saving grace in a world of continually expanding image quality and all the photos we have taken. The AI search is okay, but like most AI, give it some context and it can do a little better. Otherwise, editing tools, arranging, and more have been great.",,2026-06-02,5.0,in,True,other_or_unclear,not_stated,unknown,casual,both,,,,,"AI search is okay, but give it some context and it can do a little better",User notes AI search needs better context handling but reports no specific retrieval failure.,True
ps-00499,play_store,"I can no longer go to view the shots to edit photos but get a message of ""trouble loading shots"" with no useful help information anywhere on the web. I depend on this feature to find the best shot, but it no longer works. I think it's time to find something new for my photos.",,2026-06-11,1.0,in,False,other_or_unclear,not_stated,unknown,casual,not_stated,,,,,,,True
ps-00500,play_store,"First of all, the main functions of the app are so great. I love the cloud storage, sharing capabilities, and search functions. BUT the new editor update is very buggy. Quick crop is nice, but the image size wigs out during other edits. The perspective edit is gone too! The rotation is too sensitive as well, it needs a dial. Also, we lost the ability to easily turn a single edit off and on, which was a huge plus before! It's a nice attempt but lots of bugs and the loss of some key features.",,2026-04-27,3.0,in,False,other_or_unclear,not_stated,unknown,casual,not_stated,,,,,,,True
ps-00501,play_store,"""Make the app yours"" banner trying to, as usual, shove Gemini down everyone's throat doesn't dismiss even after selecting ""No thanks"". Creating an album is now a nightmare, when it used to be easy and intuitive. Just try adding locations, which upon editing jump back to the top even after being dragged later in the album, which happens pretty much every time a location is added. Unreal, how consistently and severely Google breaks their own once-working products. Trash redesign.",,2026-05-21,1.0,in,False,other_or_unclear,not_stated,unknown,casual,not_stated,,,,,,,True
ps-00502,play_store,"I hate the changes it's made. I can no longer build files to store pictures together and most of my pictures are no longer searchable on apps, i.e if I'm on Facebook and want to upload a picture most of them no longer show up. I hate the changes, I want to be able to make files, not ""albums"" that don't show up on other apps.",,2026-04-08,1.0,in,False,other_or_unclear,not_stated,unknown,casual,not_stated,,,,,,,True
ps-00503,play_store,"It is virtually impossible to find any of your pictures. Oh, that picture you can't find in your camera album, it's been decided this is in your videos album (despite many videos being in the camera album). Looking for a screenshot? Could be in like 5 different folders. Want a picture from telegram? Oh, it's actually not in the Telegram folder, its in the Telegram Images folder. Or the second Telegram folder. JUST PUT ALL MY PICTURES IN ONE BIG THING AND SORT THEM CHRONOLOGICALLY.",,2026-06-21,2.0,in,True,other_or_unclear,not_in_library,gave_up,casual,not_stated,,,,,It is virtually impossible to find any of your pictures.,Photos scattered across multiple folders by type make retrieval nearly impossible without systematic browsing.,True
ps-00504,play_store,"I find it incredibly frustrating that I can't find a way to import just a few photos from a folder on my device to Google photos. I can only find a way to allow Google photos to import all photos from particular folders on my device. The only work arounds I've found are time consuming, very inefficient, and incredibly frustrating.",,2026-04-06,4.0,in,False,other_or_unclear,not_stated,unknown,casual,not_stated,,,,,,,True
ps-00505,play_store,"It's unbelievable that default photo app from Google is lacking basic functionality. I want to see ALL my photos by default, and only when needed check groupings like Screenshots. No albums, no nothing. What a disgrace, that you have to go looking for a 3rd party app for something that should work out of the box.",,2026-05-29,2.0,in,False,other_or_unclear,not_stated,unknown,casual,not_stated,,,,,,,True
ps-00506,play_store,"They took away the edit button? Now I have to wait ten seconds for it to open to some stupid screen I don't want and still there's no ability to edit photos the way I have been for years. Don't push AI baloney on us. Always make it a choice. What are you thinking? This is totally unusable now. How do I downgrade? UPDATE: I found if you turn off Gemini In Photos under Photo Settings, it removes this BS and brings back the Edit button.",,2026-06-05,1.0,in,False,other_or_unclear,not_stated,unknown,casual,not_stated,,,,,,,True
ps-00507,play_store,some really great new features are available now. A bunch of us have run into an issue where those features seem to disappear specifically AI enhance. And that's a great tool I kept looking for it here in this app and then I suddenly realized one day no AI enhanced option 'is in my camera not photos app so if you open your camera and look down at your last picture click it and edit then AI is there. I hope that helps anyone struggling with that.,,2026-05-03,5.0,in,False,other_or_unclear,not_stated,unknown,casual,not_stated,,,,,,,True
ps-00508,play_store,"This used to be a great app. Now, every time it updates, something else breaks or gets moved in a way that's less convenient. I haven't been able to trim videos in-app for months, and with the latest update, it takes forever to scroll through photos. Something stored natively on my device shouldn't have this much lag. It's now also incredibly inconvenient to navigate to folders to find photos.",,2026-06-03,1.0,in,False,other_or_unclear,not_stated,unknown,casual,not_stated,,,,,,,True
ps-00509,play_store,"I just updated Google photos, what an epic mistake. there's a completely different layout and random photos are now larger than the standard grid, this makes it difficult and confusing to find the photos you want. how do we switch back to the old standard grid where all the pictures are the same size in the grid? why have you changed this? literally nobody asked for this. currently looking for a new gallery app because they've forced this change.",,2026-05-14,1.0,in,True,other_or_unclear,cant_evaluate,gave_up,casual,not_stated,,,,,"random photos are now larger than the standard grid, this makes it difficult and confusing to find the photos","Grid layout changes with variable-sized photos make visual search and recognition harder, forcing abandonment.",True
ps-00510,play_store,"I like this app, but there are some tools I cant find and it says I have to update it, but it wont uptade when I press the button. it randomly closes on me too. I also cant clear my trash. the photos that should've been automatically deleted, because they were in the trash for over 60 days, have been stuck on one day left, and when I try to permenately delete them it never works. it says deleted, but when I come back to the trash can the pics come back. its super confusing.",,2026-05-12,3.0,in,False,other_or_unclear,not_stated,unknown,casual,not_stated,,,,,,,True
ps-00511,play_store,"Used to love this app. Now I can't find anything. Most of the storage is used on duplicates and triplicate of pics because every time you edit or share to another app, it saves it AND changes the date. SO none of the photos are chronologically correct by original date. And for the love it all, and a remove duplicate option!",,2026-05-11,3.0,in,True,other_or_unclear,not_in_library,gave_up,casual,not_stated,,exact_date,,,chronologically correct by original date,Date corruption from edits and sharing breaks chronological browsing and search.,True
ps-00512,play_store,"The new Ask Photos feature is a total game-changer! I no longer have to scroll for ages to find a specific memory. I just asked, 'What was the name of that restaurant we visited in Udaipur last winter?' and it found the photo and gave me the name instantly. It’s like my photo gallery has a memory of its own.",,2026-05-02,4.0,in,True,trip_or_place,not_stated,found,sentimental,ask_photos,event_or_occasion|place|rough_time,,,What was the name of that restaurant we visited in Udaipur last winter?,I no longer have to scroll for ages to find a specific memory.,"Ask Photos AI successfully retrieved photo from partial place, time, and context cues.",True
ps-00513,play_store,"ever since they added the ai function, photos have been MUCH harder to find. Sometimes I'm lucky and it pulls up the name of the file I'm looking for, and most of the time I get random unrelated photos in my search. used to be an option where the ai is an option, now it makes it impossible to pull up whatever I'm looking for",,2026-05-27,3.0,in,True,other_or_unclear,misinterpreted,gave_up,casual,both,text_in_photo,,switched_search_mode,file I'm looking for,ai makes it impossible to pull up whatever I'm looking for,"AI search replaced classic keyword search, delivering irrelevant results instead.",True
ps-00514,play_store,"Has excellent feature to order photos, search for photos, organize photos. Appealing look. Easy to use. Should advertise feature to print photos more because I didn't realize it until late. Also, maybe I need to update the app, but my photos are not all connected and showing together ... rather, they have been sorted. So, it might be hard to order photos from one category/ album. Do I need to make a separate order to print photos from different places/ categories Hoping to use this app forever.",,2026-05-04,4.0,in,False,other_or_unclear,not_stated,unknown,casual,not_stated,,,,,,,True
ps-00515,play_store,Recently Google Photos started putting an animated white outline around people in the photo. This is terrible because some people just screenshot as is with that outline and post it on social media. As a photographer who used to use Google Photos for photo delivery I now need to find an alternative that displays my photos without any tacky modifications.,,2026-04-02,1.0,in,False,other_or_unclear,not_stated,unknown,casual,not_stated,,,,,,,True
ps-00516,play_store,"Great app, but the most frustrating issue I have is when I create an album and add my photos to said album, I wish the photos I just put in an album would leave the main photos and it does not do that. I put them in an album so I can find what I need faster instead of having to scroll through all of my photos to find the one I am looking for.",,2026-05-15,5.0,in,False,other_or_unclear,not_stated,unknown,casual,not_stated,,,,,,,True
ps-00517,play_store,"Used to like this app alot until couple years ago. Now they just want to make everything complicated. Did not like new layout. Earlier I could see all photos in main gallery despite the source. Now if I have to find screenshot photos or other folder photos, I have to go to collection and find the folder. Unnecessarily tedious. Made the experience worthless despite paying for Google one. Terrible update!",,2026-03-31,1.0,in,True,screenshot_or_document,cant_refine,gave_up,casual,classic,source_app,,other_app,,"if I have to find screenshot photos, I have to go to collection and find the folder","UI reorganization made finding photos by source folder hidden, requiring unnecessary navigation.",True
ps-00518,play_store,"Dropped a star. The downgrade that is this ""upgrade"" is unpleasant. I'm now looking for ways to block its autoupdate threat completely. Found it! Under the three dots in the top left corner. Easy. Thank you, Google, for making it easy to protect ourselves from your brilliant improvements.",,2026-04-14,3.0,in,False,other_or_unclear,not_stated,unknown,casual,not_stated,,,,,,,True
ps-00519,play_store,"so I'm pretty pleased with Google's photos app, I have been taking pictures mostly from my phone. but I believe it's been about 10 years since I began using the Google photo, and my account is pretty full of my family and our memories we have been able to share with each other. l and I really appreciate the help with the automatic back up with the app so you'll never have to worry about not being able to find my pictures. I love the new updates on the edit and the help of AI.",,2026-06-08,5.0,in,False,other_or_unclear,not_stated,unknown,casual,not_stated,,,,,,,True
ps-00520,play_store,"It is okay. new features being added due to AI but I now don't see a search bar at the top of my screen on my Samsung Galaxy. there is an AI search bar but doesn't search for photos by date. Bummer if you have a lot of pics. Editing in Photos is a pain, so I use Gallery to edit or else another pro app.",,2026-06-14,4.0,in,False,other_or_unclear,not_stated,unknown,casual,not_stated,,,,,,,True
ps-00521,play_store,Albums and Collections Useless. It's not for organizing so much as it is for keeping in-app. Can't post photos to Instagram. Nor any social media for that matter. Gotta start looking for an alternative. Just spent an hour putting together a new album from old photos. Now I want to share that album on social media. BUT I CANT!!,,2026-04-02,1.0,in,False,other_or_unclear,not_stated,unknown,casual,not_stated,,,,,,,True
ps-00522,play_store,"to see photo information you need to click on the camera model every single time. before all you needed to do is scroll down. now to see filename or megapixels you need to tap every time you swipe to new photo, and it's harder to see the information compared to last update. it's really bad for me since I check if a picture is .jpg or .heic or if the photo is 12mp or 24mp....",,2026-05-11,1.0,in,False,other_or_unclear,not_stated,unknown,casual,not_stated,,,,,,,True
ps-00523,play_store,"I have a lot of photos on my Pixel phone, some of which are not yet backed up on Google cloud. As of June 6, 2026 and using the latest version of the app, when I try to search these not-yet-backed-up photos by date, nothing shows up in the result. This is not nice by Google. I paid for this phone and its device storage. Just because the photos are not backed up (meaning even more money is not paid to Google), the search should not come back empty.",,2026-06-06,2.0,in,True,other_or_unclear,not_in_library,gave_up,casual,classic,rough_time,,,date,"when I try to search these not-yet-backed-up photos by date, nothing shows up",Photos not yet backed up to cloud are not searchable by date.,True
ps-00524,play_store,want to give it a one star maybe it doesn't deserve a star at all before the cloud no longer having storage on your phone Google has made every effort to make having the account super difficult and complicated and absolutely a terrible app. I've lost pictures and everything else behind a two-step verification and I've lost a lot of pictures in my cloud. It used to be on time when you could just save your pictures to your phone or SD card. I wish I could have another option that simple to use.,,2026-04-04,1.0,in,False,other_or_unclear,not_stated,unknown,casual,not_stated,,,,,,,True
ps-00525,play_store,"It's full of bugs. If I open the Google photos app, I can find any photo, but if I open it from any other application on my phone, to upload a screenshot. Below the where I select screenshots it says 435 photos, but when I select it and open it up I see 16 photos. That's not user error. that's a bug. and there's a lot of this on the Google pixel 10 Pro XL. This is not an alpha release. It's beta at most. in 16 years of Android use, this is the worst phone I've ever had.",,2026-05-20,1.0,in,False,other_or_unclear,not_stated,unknown,casual,not_stated,,,,,,,True
ps-00526,play_store,"This app has changed so much and taken to the cloud my albums. I want to organize my pictures in albums and this app doesn't allow me to have those features on my phone! Thank you for the prompt answer. At the beginning, when I was going to my Android device, open the Google Photos app and tap at the bottom Collections, l didn't find my albums! Now, I see them. So, it looks like they were hidden, I guess!",,2026-05-06,4.0,in,False,other_or_unclear,not_stated,unknown,casual,not_stated,,,,,,,True
ps-00527,play_store,A small unnamed option in your camera app will make every picture you take into an actual video. Afterwards it takes 30 MB a photo and there's no way to get rid of the videos without deleting the image as a whole. This whole feature is designed by brainless idiots and is wasting my space that I pay for. I will move away from Google Images as soon as I find any alternative.,,2026-05-19,1.0,in,False,other_or_unclear,not_stated,unknown,casual,not_stated,,,,,,,True
ps-00528,play_store,"I'd prefer stable basic fictionally to new features. With ideal internet connection, constant problems with video freezes or black screens instead of photos in stories. I remember when having photo/video in cloud was almost the same as having them on device, those days have passed, Google doesn't care about the quality of the paid service anymore.",,2026-04-15,1.0,in,False,other_or_unclear,not_stated,unknown,casual,not_stated,,,,,,,True
ps-00529,play_store,"Ya see those three dots that makes a menu pop up when ya got memory highlights and ya got a specific photo up, and you've got these options you can select and one of them is to remove the photo from the memory..? I was kind of expecting better, team. Where's the option to download the photo that's up? That's why I'm clicking on those 3 dots; because I don't see a download symbol and I'm looking for one. Couldn't care less if it's already downloaded, I want that photo back at the top, in recents.",,2026-06-17,4.0,in,False,other_or_unclear,not_stated,unknown,casual,not_stated,,,,,,,True
ps-00530,play_store,"It used to be so good, everything was there and safe, but now all the photos I backed up a long time ago are suddenly gone. I don’t even know why. (Edited: I tried following all the steps to find my backed-up photos, but nothing worked. I never deleted them, so I don’t understand why they suddenly disappeared. Everything was fine before, and now all the photos I backed up just months and years ago are just gone.)",,2026-06-07,3.0,in,False,other_or_unclear,not_stated,unknown,casual,not_stated,,,,,,,True
ps-00531,play_store,"I love Google Photos! I love the options for organizing my photos in so many different ways. The feature of the Highlight Videos that Google puts together for me are awesome too, and I appreciate the random ""Remember this?"" memory compilations Google puts together for me. The editing tool is nice too. I hope they continue to improve and advance the editing tool as they have been. Thanks Google, for always staying up with the ever advancing technology!",,2026-05-29,5.0,in,False,other_or_unclear,not_stated,unknown,casual,not_stated,,,,,,,True
ps-00532,play_store,"""It’s rare to see an app actually get better over six years instead of just more cluttered. I’ve gone through several phones since my last review, but this remains my one constant. I love how it resurfaces old memories I’d forgotten about, all while giving me the peace of mind that every shot is backed up and searchable in seconds",,2026-05-06,5.0,in,False,other_or_unclear,not_stated,unknown,casual,not_stated,,,,,,,True
ps-00533,play_store,"Each update the app is getting worse. Magic eraser don't suggest what to erase anymore, and works worse than a year ago. Reimagine is not available in the ui, you can only find it by searching. Zoom enchant is garbage that makes photos look much worse than they were before. So disappointed. You are going completely the wrong way, you are adding AI everywhere, but doing this bad.",,2026-05-13,1.0,in,False,other_or_unclear,not_stated,unknown,casual,not_stated,,,,,,,True
ps-00534,play_store,"Love the way they have made it functional for the user to create multiple folders; only problem i have w this is when trying to upload pics, unless i haven't already deleted from my device i can rarely find the folder i need that contains the certain pic i want! Or even the entire folder for that picture matter! Overall great app when not having to upload pics to other places.",,2026-05-08,5.0,in,False,other_or_unclear,not_stated,unknown,casual,not_stated,,,,,,,True
ps-00535,play_store,"if U have to many photos/videos on your phone, it takes up space on your gmail? How? they will try to force you to get rid of your video/photos by no longer delivering email? My photo's/videos have NOTHING to do with my Gmail. My images are on my phone. This almost forces you to BUY memory. I do NOT want my photos saved to google. I've tried to stop google from saving them, but have yet to find a way. I don't want them having access to my personal videos and photos.",,2026-05-28,1.0,in,False,other_or_unclear,not_stated,unknown,casual,not_stated,,,,,,,True
ps-00536,play_store,"today I just suddenly detected that Google photos automatically backs-up photos even while there is no wifi (using mobile data), and I see the setting has been set to Unlimited (?), I remember in my mind photos have been not backed up when there is no wifi, why does this happen? anyone else have same problem with me? thanks",,2026-05-14,4.0,in,False,other_or_unclear,not_stated,unknown,casual,not_stated,,,,,,,True
ps-00537,play_store,Ive used this for several years & I believe by far what Ive experienced is the best free app for photo storage I have photographs backed up all the way from 2008 the search engine cannot find anything no matter the keyword asked and the editor keeps getting worse and worse I go to erase a word and instead of erasing it it just changes the word to some nonsense jumbled letters I swear they hire morons why do you put the instructions over the top of the photo? they didn't look into it. it's worse,,2026-05-31,3.0,in,True,other_or_unclear,misinterpreted,gave_up,casual,not_stated,,exact_words,,keyword,the search engine cannot find anything no matter the keyword asked,"Search returns no results regardless of keyword attempts, forcing user to give up.",True
ps-00538,play_store,Been using photos for a while but this new update just ruins everything. I actually preferred to be able to check the full name of my files; either picture or video from the details section Scrolling up to see just 16 characters from the name of what I am watching is not what I'd call an improvement I hope you guys will be able to resolve this soon,,2026-04-24,1.0,in,False,other_or_unclear,not_stated,unknown,casual,not_stated,,,,,,,True
ps-00539,play_store,"Can't display all photos on your device in one list like every other photos app does, the main page also takes up half my screen with some memories tab I do not want to see and can't disable. One nice thing is being able to search text within photos when it works",,2026-06-14,2.0,in,True,other_or_unclear,cant_evaluate,unknown,casual,not_stated,text_in_photo,,,,search text within photos when it works,"Text search feature works inconsistently, making it unreliable for finding photos.",True
ps-00540,play_store,"⭐️⭐️⭐️⭐️⭐️ Google Photos is an outstanding app for storing, organizing, and backing up photos and videos. The automatic backup feature provides peace of mind, while the search and organization tools make finding memories quick and easy. The app syncs seamlessly across devices and offers useful editing features. A must-have app for keeping photos safe and accessible anywhere. Highly recommended!",,2026-05-29,5.0,in,False,other_or_unclear,not_stated,unknown,casual,not_stated,,,,,,,True
ps-00541,play_store,"Google brought back the integration with third-party apps, making them accessible through Photos again. Just click Edit > Tools, scroll all the way left to More, and your compatible apps are there. It’s a huge relief because their recognition of faces, places, and events is unmatched and truly worth it for organizing 8,000+ photos. It has some glitches with batch edits and cloud backups can disrupt folder structures, but having the tools back earns a 5-star rating from me. Great job!",,2026-05-07,5.0,in,False,other_or_unclear,not_stated,unknown,casual,not_stated,,,,,,,True
ps-00542,play_store,google photos have always been amazing. but one thing is bothering me for a long time now that is when you are editing videos the stabilisation option doesn't work as good as it used to.. I remember it used to work really well now it's just a mess...,,2026-04-21,2.0,in,False,other_or_unclear,not_stated,unknown,casual,not_stated,,,,,,,True
ps-00543,play_store,it was better 5 years ago before they screwed around with it and upgraded it . They have complicated it and its impossible to navigate and find a photo any more. I think I am going to transfer all my photo to stock and wipe it clean and and start fresh with a different app.,,2026-06-17,3.0,in,False,other_or_unclear,not_stated,unknown,casual,not_stated,,,,,,,True
ps-00544,play_store,"For years this app was 5 stars, but it's just getting progressively worse. First they deleted the ability to easily sort and store RAW separate from JPEG (to push storage sales), and now once deleted from your device, all photos do not show up in the app at all unless specifically searched for. Bug or further enshittification? Also the new page-blocking popup promoting ""stickers"" or whatever they're pushing is intrusive and annoying, guaranteeing I won't ever touch those ""features"".",,2026-04-21,3.0,in,False,other_or_unclear,not_stated,unknown,casual,not_stated,,,,,,,True
ps-00545,play_store,"it's ok, but it could use an option to find duplicate pictures with choice to delete all duplicates or notify about duplicates. or not upload duplicates, it sucks having to go through my pictures 1 by 1, especially when you have so many and can't remember if you have multiple or not.",,2026-06-08,2.0,in,False,other_or_unclear,not_stated,unknown,casual,not_stated,,,,,,,True
ps-00546,play_store,"I love how easy it is to search for specific photos that I want. It categorizes them for me and theres just lots of options to do with your pictures and videos like collages, animations and more! The more you use it, the more personalized it gets!",,2026-03-30,5.0,in,False,other_or_unclear,not_stated,unknown,casual,not_stated,,,,,,,True
ps-00547,play_store,From the bottom of my heart I HATE this app. I was perfectly fine using my gallery on my phone. Google photos just popped up and started sucking up ALL MY STORAGE. I am now out of space to have emails sent without paying for more storage and when I tried to clear up more space it DELETED half my pictures!! I fully hate that it runs off your Google storage. Good luck finding space for email when you have Google photos. OHH and I cant find a way to delete this app without deleting all my pictures,,2026-04-14,1.0,in,False,other_or_unclear,not_stated,unknown,casual,not_stated,,,,,,,True
ps-00548,play_store,"The album and collection don't work at all, i just want to save the family and holidays travel album on the cloud and share with the family but Google photos simply show all the devices folder and i couldn't find my family and travel holiday album from the app not worth the price to subscribe the additional storage.",,2026-06-02,1.0,in,False,other_or_unclear,not_stated,unknown,casual,not_stated,,,,,,,True
ps-00549,play_store,"Constant bothering about backing up photos after hitting the storage limit, and the search mode is limited by this too with predatory advertising for more storage. Really wish there was an option to remove these warnings from my stock photo app. Next phone is not gonna be a Pixel for sure 😭",,2026-04-15,2.0,in,False,other_or_unclear,not_stated,unknown,casual,not_stated,,,,,,,True
ps-00550,play_store,"If you have large amount of pictures for by folders it became a mess, also missing features, like looking for duplicated photos (by image not name), sitting by folders, sitting by date that works (scanned photos on early 2000s were placed as recent since it sorted as uploaded and no metadata) lack of control like if you wrongly yeah yourself in a picture there is no chance of changing it, needing to tag yourself to get done features and so on",,2026-05-06,1.0,in,False,other_or_unclear,not_stated,unknown,casual,not_stated,,,,,,,True
ps-00551,play_store,"1) Only like 7 colours to use for the pen...in 2026 when there are 6 billion colours available on a phone. 2) The search photos feature only works if you subscribe to monthly cloud space now. It never used to be like that. Need to move away from Google. 3) It makes you save copies of everything which fills up your space, probably to trick you into paying for cloud. 4) Screenshots go into camera roll now, but that could be phone specific.",,2026-04-03,1.0,in,False,other_or_unclear,not_stated,unknown,casual,not_stated,,,,,,,True
ps-00552,play_store,would've been 5 star but recent update changed the display of lat/long from the photo info to be not visible. location data still exists but you can only view it by trying to navigate to I where a photo was take using Google maps and then selecting the search bar to get the actual coordinates not just wherever the nearest navigable landmark is. it is an incredible downgrade and change for no clear upside,,2026-06-15,3.0,in,False,other_or_unclear,not_stated,unknown,casual,not_stated,,,,,,,True
ps-00553,play_store,"horrible update. metadata is being withheld by Google and now you cannot find files in Android. The file names are cut off and hidden, there are no timestamps. finding your own files is now impossible because Google has locked you out from information about your own files. none of the 5-7 work arounds do anything, there is no work around with the amount of files I have. please don't ask me for feedback, you know the problem just fix it",,2026-04-28,1.0,in,False,other_or_unclear,not_stated,unknown,casual,not_stated,,,,,,,True
ps-00554,play_store,AI integration has made the app worse. The UI has really gone down hill. It is now harder to geographically search for pictures I took at certain places and for people. I guess ai search is 'nice' but not at the expense of the rest of the apps usefulness.,,2026-06-17,2.0,in,True,trip_or_place,not_stated,unknown,casual,not_stated,person|place,,,,harder to geographically search for pictures I took at certain places and for people,"UI redesign made place-based and people-based search harder, despite AI additions.",True
ps-00555,play_store,"Increasing use of advertising popups; no opt out. Every single time I open the app, I have to scroll through a multitude of internal ads for new features. There's no way to mark them ""don't show me this again"".",,2026-04-21,1.0,in,False,other_or_unclear,not_stated,unknown,casual,not_stated,,,,,,,True
ps-00556,play_store,"the photo search function should build inside the apps and base on the interior storage, not the exclusive function by subscribe Google photos, all the other phones company had this for a decade! totally not user friendly, and what the reason I need a bigger storage for photos if you need me back up to the service all the time??why you have to force people to subscribe in order to use the basic function?I've already paid for the phone! and extra storage!1 yr later still nothing changed!",,2026-05-03,1.0,in,True,other_or_unclear,not_in_library,unknown,casual,ask_photos,,,,,photo search function should build inside the apps and base on the interior storage,Search requires cloud backup subscription; local photos cannot be searched offline.,True
ps-00557,play_store,"Misleading service. Trying to free up space for Google account by deleting photos, or turn off backup do not change anything. Whatever the amount of data you add to your trash and delete it, Google Photos take the same space, if not more. It really feels like they are trying to make us pay for the ""offer"" in order to have more space. Please be aware of this, and try to find a way to not have your gallery linked to your Google account",,2026-04-14,1.0,in,False,other_or_unclear,not_stated,unknown,casual,not_stated,,,,,,,True
ps-00558,play_store,"Great app fallen in muds. The key features were reliability, ease of use, search, and editing capabilities. Unfortunately, it has gone downhill now... Just now most of my albums vanished from the app. It makes it hard to trust now. Bugs like this plus revamped UI makes this harder to use. Search works 50% of the time. Sometimes it finds perfect, but too often falls short. Editing problems others have mentioned the saved copy gets lost somewhere. Plus incapability to handle MOV files annoys.",,2026-04-08,2.0,in,True,other_or_unclear,misinterpreted,unknown,casual,classic,,,,,"Search works 50% of the time. Sometimes it finds perfect, but too often falls short.",Keyword search returns irrelevant results or nothing half the time; unreliable.,True
ps-00559,play_store,"Thank you for adding the related albums feature for each photo or video in the mobile app, just like in the web app. Also, thank you for working on improving the text search for images and making it easier to edit image names for easier access.",,2026-04-27,5.0,in,False,other_or_unclear,not_stated,unknown,casual,not_stated,,,,,,,True
ps-00560,play_store,"Interface is weird in new version, if I select a picture there is half of action button on the screen (on the right). Also no search or any new features without google backup. This is very limiting. I have a free gopro app installed that makes videos from my gallery apps but google can't do it.",,2026-06-22,3.0,in,False,other_or_unclear,not_stated,unknown,casual,not_stated,,,,,,,True
ps-00561,play_store,My go-to when it comes to photo storage and the search engine has gotten so much better. Sorting albums is definitely better but would still benefit from more methods of sorting them. When you have hundreds of albums it becomes harder to catalog or group them by category. Still it's a great tool and the Ai is definitely a remarkable tool for finding specific photos!,,2026-03-31,4.0,in,True,other_or_unclear,not_stated,unknown,casual,ask_photos,,,,,the Ai is definitely a remarkable tool for finding specific photos,User reports AI search tool works well for finding specific photos.,True
ps-00562,play_store,"Why do images display on a white background? Makes them harder to see. The app really struggles with images, zooming and panning and gestures. It's impossible to find the gallery of photos I'm tagged in that my friend sent without the URL. Shouldn't I be able to find this easily in the app or bookmark it somehow? It's simply not there. You can't even change the sort order on photos within an album. Too many unlabelled hieroglyphics buttons, I don't know what a cloud with an arrow means.",,2026-03-28,2.0,in,False,other_or_unclear,not_stated,unknown,casual,not_stated,,,,,,,True
ps-00563,play_store,"This is the crappiest most intrusive app you could ever use for simple photos. It wants to categorize everything, you can't find things that you download to your phone because they're hidden in 10 different areas. Hate it.",,2026-05-23,1.0,in,False,other_or_unclear,not_stated,unknown,casual,not_stated,,,,,,,True
ps-00564,play_store,horrible layout and navigation. i almost only get up this devices photos and cant find just the backed up photos unless they are in an album. no way to customize what pictures you want to show up on the main tab.,,2026-05-27,1.0,in,False,other_or_unclear,not_stated,unknown,casual,not_stated,,,,,,,True
ps-00565,play_store,"I use Google Photos to store my photos and videos. The interface is very user-friendly, and search works great. Uploading is automatic across devices. Free storage is 15 GB. My only gripe is the name “Photos,” which sounds like it’s only for pictures, even though videos are included. Still, it’s very convenient for managing and viewing media.",,2026-03-22,4.0,in,False,other_or_unclear,not_stated,unknown,casual,not_stated,,,,,,,True
ps-00566,play_store,"oh my god PLEASE stop forcing ai slop down our throats! I don't want ""ask""! especially not if it's required that I identify my face in order to use it. also, why on earth have you only given some people the option to remove this useless feature in settings?? if anyone else is stuck in the same position as me, if you click the ""ask"" button twice, it'll take you to the normal search function",,2026-04-23,1.0,in,True,other_or_unclear,not_stated,unknown,casual,both,,,switched_search_mode,,"if you click the ""ask"" button twice, it'll take you to the normal search function",User switched from Ask Photos to classic search as a workaround.,True
ps-00567,play_store,"Facial Recognition AI Slop There must have been an AI update to the app because the facial recognition is FUBAR (Fked Up Beyond All Recognition) I can't find anyone that matters (lot of pics) but only those with few pics and places are somehow labeled as people, some people appear as multiple people even though the pics are from the same moment. PLEASE rollback the update. sincerely a bench.",,2026-04-07,1.0,in,True,people_or_event,misinterpreted,gave_up,sentimental,ask_photos,person,,,,I can't find anyone that matters (lot of pics) but only those with few pics,Facial recognition indexing error prevents finding people in large photo collections.,True
ps-00568,play_store,"Great gallery app with a clean and easy-to-use interface. It organizes photos and videos neatly, making it simple to browse, edit, and manage memories. The app runs smoothly and provides a convenient way to keep everything in one place. Highly recommended for anyone looking for a reliable photo gallery experience",,2026-05-24,5.0,in,False,other_or_unclear,not_stated,unknown,casual,not_stated,,,,,,,True
ps-00569,play_store,"Really annoyed by the stickers feature constantly sending a creepy shimmering outline over my photos. This app came with my device, but I'll be doing research on alternatives, up to and including replacing the device altogether.",,2026-05-08,1.0,in,False,other_or_unclear,not_stated,unknown,casual,not_stated,,,,,,,True
ps-00570,play_store,"I was very (unpleasantly) surprised to find that my selfie did not look like me. I took a selfie shot and the result was a highly airbrushed image that lacked my freckles and lightened my hair. I did not edit the image. What exactly am I supposed to take away from this? That your new AI features think I'm so ugly that the app takes it upon itself to airbrush my photos? Thanks, Google. I'm going to find a dark corner to hide in now. I did not ask you to magically erase my freckles",,2026-06-12,2.0,in,False,other_or_unclear,not_stated,unknown,casual,not_stated,,,,,,,True
ps-00571,play_store,"Google Photos has been an amazing experience for storing and managing my memories. The app is smooth, user-friendly, and offers excellent cloud backup with smart organization features. I really love how easily I can search photos by people, places, and events. The editing tools are simple yet powerful, and sharing albums with friends and family is very convenient. Overall, it’s one of the best photo storage apps I’ve used — reliable, fast, and extremely helpful. Highly recommended! ⭐⭐⭐⭐⭐",,2026-05-23,5.0,in,False,other_or_unclear,not_stated,unknown,casual,not_stated,,,,,,,True
ps-00572,play_store,I despise the featured contact aspect that pulls photos and throws them in my face when I open my flipping phone. I keep erasing that permission and every time there's an update the same damn thing happens and now I can't find the place where I can get rid of it. I am looking for a specific photo and I am getting instead this huge flashing set of photographs that this stupid phone has decided it wants to show me. I do not want this damn thing. I hate this phone and I hate this app,,2026-05-19,1.0,in,False,other_or_unclear,not_stated,unknown,casual,not_stated,,,,,,,True
ps-00573,play_store,"thanks i didn't knew that about that new feature copy sticker from pic, that's really nice that's google , I was really looking for best, perfect and free sticker copy tool but randomly got that option in google photos, thanks that's perfect, there are many tools in other apps too like instagram and other apps but they are not perfect, again thanks to Google photos",,2026-06-09,5.0,in,False,other_or_unclear,not_stated,unknown,casual,not_stated,,,,,,,True
ps-00574,play_store,"A frustrating cloud-first app. Deleting in-app dangerously wipes your local original file! The 4-tab UI is awful: the Photos tab displays local files but clutters the top with AI created short videos using cloud synced content. Actual local albums created on the device are buried in Collections. Search/Create ignore local media, stating they are “missing from search” if not synced. There is no button to create albums from local views. A terrible layout that traps device users.",,2026-05-26,3.0,in,False,other_or_unclear,not_stated,unknown,casual,not_stated,,,,,,,True
ps-00575,play_store,So its a GREAT app for photo editing with AI i dont have much to say But i sucjest adding Gemini to the Ai photo editing instade of Google Ai (the old one) i think because Gemini has more advinsed nolige so it could understand more that what we select because when i select a person or something it selects the person AND the thing around it and sometimes it just does select the person fully i would fully apprecite that because i would use it daily for photo editing Thank you for reading this.,,2026-04-16,3.0,in,False,other_or_unclear,not_stated,unknown,casual,not_stated,,,,,,,True
ps-00576,play_store,"it's a struggle to find a picture or edit it, Most features are not available unless you backup your photo as everything is happening on Google's servers not on your phone including searching After this I'm switching back to iPhone.",,2026-04-19,1.0,in,True,other_or_unclear,not_stated,gave_up,casual,not_stated,,,other_app,,it's a struggle to find a picture or edit it,User gave up finding/editing photos due to cloud dependency and lack of offline features.,True
ps-00577,play_store,"This new change to the search and ""ask"" is a bit of an inconvenience when you just want to type one word. I don't have a conversation with AI I want to see all the pictures that come up with that word.",,2026-06-25,1.0,in,True,other_or_unclear,cant_express,unknown,casual,both,,,,one word,I don't have a conversation with AI I want to see all the pictures,AI-driven search interface conflicts with user's preference for simple keyword search.,True
ps-00578,play_store,id rather save my stuff to a micro SD card so i can access it without internet at anytime..but for a cloud thing theres a few things you cant do like you would be able to do on a micro. i dont like the fact that you cant make and put pictures in folders after arkiving. that really sucks. and the buy prints well the quality was really bad. and my camera is 13 mp...the prints was blurry and original was a quality pict. i can print my own way cheaper. and clearer. and its really hard to find photos,,2026-05-18,1.0,in,True,other_or_unclear,not_stated,unknown,casual,not_stated,,,,,it's really hard to find photos,UI limitations and cloud-only features make photo retrieval difficult overall.,True
ps-00579,play_store,"clunky, you can't fast scroll by the day, only by the month. that makes absolutely no sense.",,2026-07-01,1.0,in,False,other_or_unclear,not_stated,unknown,casual,not_stated,,,,,,,True
ps-00580,play_store,It been nice.. the app keeps helping me in restoration of lost pictures from my gallery..,,2026-07-01,5.0,in,False,other_or_unclear,not_stated,unknown,casual,not_stated,,,,,,,True
ps-00581,play_store,It has been over a month and you still haven't gotten a fix for why sound isn't casting with videos on this app. Unable to find a decent replacement but when I do I'm losing this app asap.,,2026-04-22,1.0,in,False,other_or_unclear,not_stated,unknown,casual,not_stated,,,,,,,True
ps-00582,play_store,I can not retrieve my photos. Deleted to make space on Google drive and lost photos from my device. 🤬 Dumb default settings. Now Google photos get stuck and I can not do anything.... FFS,,2026-06-28,1.0,in,True,other_or_unclear,not_in_library,unknown,sentimental,not_stated,,,,,Deleted to make space on Google drive and lost photos from my device.,Photos deleted due to storage cleanup were unrecoverable; no backup available.,True
ps-00583,play_store,The latest update to this app totally effed up how pictures are sorted and displayed. They used to be easy to visually search through because there was a margin between dates. Now all the pics are crammed together without any separation. Thanks a lot you halfwits.,,2026-05-12,1.0,in,False,other_or_unclear,not_stated,unknown,casual,not_stated,,,,,,,True
ps-00584,play_store,I can't find the magic eraser. I've asked my Google Playstore AI to attempt to help me find it with NO success. It's one of the few features I installed this app for. I'm disappointed. PLEASE FIX THIS! WHERE IS THE TOOL ICON???? I've even searched through all the tools - I STILL can't find it. WHAT HAPPENED TO THE PHOTO TO VIDEO AND THE REMIX FEATURES???,,2026-04-11,3.0,in,False,other_or_unclear,not_stated,unknown,casual,not_stated,,,,,,,True
ps-00585,play_store,"it's been literal YEARS and google still doesn't have a basic ""unbackup photos"" feature. Only option is to delete photos. I lost 2 years worth of precious photos thanks to Google. Not worth, go with a different android phone for a better photo app. EDIT: followed the automated instructions. permanently lost my photos. devestated. I hate google photos",,2026-06-14,1.0,in,True,other_or_unclear,not_in_library,gave_up,sentimental,not_stated,,,,,permanently lost my photos. devestated. I hate google photos,User permanently lost two years of photos after attempting unbackup deletion.,True
ps-00586,play_store,"Photos search has been fixed, but Scoped Storage is still ABSOLUTELY RUINING the photos experience on non-Pixel phones as I constantly have to ""Review out-of-sync changes"", which takes an incredibly, incredibly long time for just a handful of photos that have been edited or deleted from another device. It's as if Google's software engineers don't talk to each other when designing their OS and apps. Google really needs to prioritise the user experience and stop annoying users.",,2026-06-08,1.0,in,False,other_or_unclear,not_stated,unknown,casual,not_stated,,,,,,,True
ps-00587,play_store,"the new search feature totally took this app down hill , the AI feature is worse than the basic desire for searching if how it used to be. basic search's no longer work I have a pixel 9 pro , I also don't know why this app constantly is crashing on my phone when I try and open it.",,2026-04-23,2.0,in,True,other_or_unclear,misinterpreted,gave_up,casual,ask_photos,,,,,"the new search feature totally took this app down hill, the AI feature is worse",New AI search feature performs worse than old keyword search for finding photos.,True
ps-00588,play_store,"you changed how i see my photos and the names on photos so my people search is void. im missing photos you thought were copys and unnecessary. I have storage avaiable but you want to compress it all the time. Thank you for your reply. I have no hidden or locked folders. Im more upset with face ID. and asking names to faces. During an update all this got scrambled! My grandaughter is now identified as me and im not identified at all, please email me for description.",,2026-05-27,1.0,in,True,people_or_event,cant_evaluate,unknown,sentimental,not_stated,person,,,,My grandaughter is now identified as me and im not identified at all,Face recognition confusion makes people search unreliable after update.,True
ps-00589,play_store,no option to search for a name or person in the photo app it was there earlier I do not accept your response because sometimes if it ain't broke don't fix it also even the names with the photo shown are not in alphabetical and no option to sort them in order,,2026-05-19,1.0,in,True,people_or_event,not_in_library,gave_up,casual,not_stated,person,,,,no option to search for a name or person in the photo app it was there earlier,"Person name search feature was removed, making people-based retrieval impossible.",True
ps-00590,play_store,"It's great or is it??..but it used to be free - now it not? You said, if I buy a Google phone, storage will always be free - it isn't?? You charge me £25 a year!? Google spies on all of us! Not just spying - but listening aswell - otherwise, how else would you know I'm looking for something in particular, if I've not mentioned it online - yet as soon as I open my laptop..the thing I've been wanting is there - the only explanation is YOU ARE LISTENING TO MY CONVERSATIONS THROUGH MY OWN PHONE??",,2026-06-02,3.0,in,False,other_or_unclear,not_stated,unknown,casual,not_stated,,,,,,,True
ps-00591,play_store,"Great app for managing my photos and videos. It has one small BIG problem though, from time to time, for some reason, it will erase all the saved faces, making it more difficult to search and organize the photos, as I would have to go through the thousands of photos I have saved and add them to the respective person's category one by one. And that's if the app recognized the faces in the photos, which (again, for some reason) it not always does.",,2021-10-03,2.0,in,False,other_or_unclear,not_stated,unknown,casual,not_stated,,,,,,,True
ps-00592,play_store,"Magic eraser (best feature by far) is ruined with new AI tools. lost ability to select text in a photo, now it just goes to share instead of going into lens mode which is a huge downgrade to efficiency. lens mode doesn't open the camera first so now you have to click another button. search feature is awful, it can't find anything anymore. everything that was great about this app is now terrible. way too many notifications.",,2026-04-22,1.0,in,True,other_or_unclear,not_stated,unknown,casual,not_stated,,,,,"search feature is awful, it can't find anything anymore","User reports search became unable to find anything after app update, no specific attempt described.",True
ps-00593,play_store,It was a brilliant app It can easily categorise the things and I can do editing and easily generate images and If cannot go ind any photo directly go and search for it it saved my time a lot as a busy person All over result brilliant,,2026-06-24,5.0,in,False,other_or_unclear,not_stated,unknown,casual,not_stated,,,,,,,True
ps-00594,play_store,1. Nobody asked for AI help. 2. The perspective editing tool was the coolest feature in the app. What was the point in removing it? 3. I'm looking for any way to crop my photos OTHER than with this app. The cropping function used to be great; now it's inaccurate and unresponsive. PLEASE STOP RUINING GOOD APPS. EDIT: They readded the perspective feature! Yay :) Accurate cropping is still a bit annoying but I'm much happier with this app now. The AI continues to irritate but I can ignore it,,2026-04-08,4.0,in,False,other_or_unclear,not_stated,unknown,casual,not_stated,,,,,,,True
ps-00595,play_store,"Reading the reviews disappointed me. This app is amazing!! The search bar, I've learned you just can't search derogative language and it literally will find anything for you. It saves your significant people. You can add people if they're not recognized. I love the map !!! With traveling, it's easier to search the map. Editing photos is easy. If you have premium the other features are great as well. It's not perfect, but I myself can't point out any flaws.",,2023-03-08,5.0,in,True,other_or_unclear,not_stated,unknown,casual,not_stated,,,,,"The search bar, I've learned you just can't search derogatory language",User reports discovery of search limitation with derogatory language; not a retrieval attempt.,True
ps-00596,play_store,"The app is great for backing up photos from different devices and having them in one central location. Still needs a lot of work though. Not being able to organize photos is annoying, and not being able to sort photos via name, date, size and etc can make finding photos very time consuming. The search feature is nice, but rarely finds what I'm looking for. A ""recently uploaded"" feature would most certainly be nice as well. It's very irritating uploading photos from a PC and having to scroll for hours on my phone to find the photos (because the search feature is almost useless). Also, please! I repeat, please! Change the ""free up space feature""! Nothing aggravates me more than hitting a wrong button and deleting all the photos off my device. No permissions (like are you sure you want to do this? And explanation of what it does). No way to stop it. Just stare at your screen in horror as your photos get deleted off your phone with no way to stop it. Scramble to force close the app, but too late! Gone! Back to the abyss of Google photos to try to find your photos. Decent app, but for how long it's been out and how few features it contains, it feels as if it should still be in beta testing mode. Definitely not photographer friendly.",,2018-12-17,2.0,in,True,other_or_unclear,cant_refine,gave_up,casual,not_stated,,,scroll_timeline,,"The search feature is nice, but rarely finds what I'm looking for",Search fails to locate photos; user resorts to manual scrolling and describes process as extremely time-consuming.,True
ps-00597,play_store,The shimmering outline on every photo is begging users to create a sticker like Microsoft begs people to use Edge. It's extremely obnoxious. Searching online did not provide any solution. Others have complained to Google help with no help.,,2026-06-15,2.0,in,False,other_or_unclear,not_stated,unknown,casual,not_stated,,,,,,,True
ps-00598,play_store,"Update: your response did not deal with the issue I raised. Makes storing and organising photos so easy. I love the collages, videos and memories it creates too. One suggestion: when adding photos to an album, there should be an option to search for the album you want. I have a LOT of albums & finding the right one by scrolling through them all takes a long time, especially if it's one I've not used for a while, so it's way down the list.",,2023-05-21,3.0,in,False,other_or_unclear,not_stated,unknown,casual,not_stated,,,,,,,True
ps-00599,play_store,I enjoy google photos! been using this since it first came onto Google play store. tbh its one of the consistent ones in regards to keeping a hold on my pictures. other photo gallery apps have lost my pictures but google photos app knows what its doing. thank you,,2026-06-26,5.0,in,False,other_or_unclear,not_stated,unknown,casual,not_stated,,,,,,,True
ps-00600,play_store,"I'm a recent convert, and I'm really impressed by the ways I can search for photos, great use of AI. But I have two big gripes. only space for 1 here: I have loadsa albums, and when I want to add new photos to an album, there is no way to order them, they seem to be in random order. Worse, I also can't search for the name of the album, at the time I'm trying to add the photos. It makes for a long and very frustrating process....",,2024-05-16,4.0,in,False,other_or_unclear,not_stated,unknown,casual,not_stated,,,,,,,True
ps-00601,play_store,"At first this app annoyed me, I didn't like that it listed all of my photos it what seemed like a cluttered way. But it's actually amazing. All of my photos from 2006 forward are on here, plus I can easily search by face, date, location, subject matter, color - anything! And it's easy to make albums to keep things organized the way I want. When I change phones, everything automatically comes with.",,2024-07-15,5.0,in,False,other_or_unclear,not_stated,unknown,casual,not_stated,,,,,,,True
ps-00602,play_store,"While the app gives me the option of backing up my photos, when I try to find them, it just shows me row after row of blank photos. Photos are grouped chronologically instead of by albums, which is frustrating when I need to find a photo from a particular album, and can't remember the date it was taken. Photos grouped by persons are sometimes inaccurate, and when I correct the groupings, it just resets the next time, or gives an error message. The app is getting more and more frustrating.",,2024-10-08,2.0,in,True,other_or_unclear,cant_evaluate,gave_up,casual,not_stated,place,exact_date,scroll_timeline,,can't remember the date it was taken. Photos grouped by persons are sometimes inaccurate,Organization by date or group failed to help find photos when memories did not include dates.,True
ps-00603,play_store,"I was stupid enough to trust Google on this one. I don't mind paying for storage. At all. I was already paying when they killed the ""free"" storage. No problem there. But the app is getting worst, and worst, and barely usable anymore. It takes ages to do simple tasks, such as entering a description, or deleting some pictures. I'm actively looking for alternatives. And will gladly pay up to 500% more for the company that provides it.",,2021-08-21,1.0,in,False,other_or_unclear,not_stated,unknown,casual,not_stated,,,,,,,True
ps-00604,play_store,"Great app! I don't have to worry about my photos taking up all my storage, but I have them wherever I go! It recognizes your friends, but doesn't let you tag them in the photos it doesn't recognize them in, and it should let you tag pictures to help you search for them later. Also, I really hate that it saves all of my screenshots. Please update so this is not the case!",,2021-08-02,3.0,in,False,other_or_unclear,not_stated,unknown,casual,not_stated,,,,,,,True
ps-00605,play_store,"I hate this app. I can never find a photo Im' looking for unless I scroll through multiple categories. Why can't everything be in one place so you don't have to search through the ""library"" of categories. It automatically places them in a certain spot without giving you a choice. AWFUL. I get so frustrated when I want to pull up a photo on my phone to show someone and them it takes me 5 minutes to find it.",,2021-12-17,1.0,in,True,other_or_unclear,cant_evaluate,gave_up,casual,not_stated,,,scroll_timeline,,I can never find a photo I'm looking for unless I scroll through multiple categories,Multiple auto-organized categories force users to scroll across all of them to locate a specific photo.,True
ps-00606,play_store,"Fun, easy way to organize, share, and play with photos. I've backed up tens of thousands of images and videos with the desktop app and could literally play with them all day every day on my phone for years if I had the time. It also makes great movies and photo books all by itself or you can do them on your own. Try searching beach, chair, dog, it's AMAZING!!! Also frees up storage on your phone. It's humanity's greatest accomplishment.",,2019-09-05,5.0,in,False,other_or_unclear,not_stated,unknown,casual,not_stated,,,,,,,True
ps-00607,play_store,"Maybe the best for photo backup. The search is also really useful! It would be even better if you could find an album alphabetically when you add photos. It would save time when you have many albums..! I sometimes have problems with shared albums. So I use Airdrop with my family and Airbum with my friends and colleagues. But for storage, Google is still the best!",,2023-03-30,4.0,in,False,other_or_unclear,not_stated,unknown,casual,not_stated,,,,,,,True
ps-00608,play_store,"Not sure why so many people say the app makes you pay you to print your own photos... You don't get charged If you use your own printer and ink... Duh. The app works fine for what you need it for. It Stores and organizes media, you can search for photos with keywords, you can make minor tweaks and edits, but don't expect to be able to get Photoshop features out of it.",,2021-05-25,5.0,in,False,other_or_unclear,not_stated,unknown,casual,not_stated,,,,,,,True
ps-00609,play_store,"I have used this over (edit 5) years now and it's great. It has lots of features and so many options. I have kids so I will take many photos in rapid succession and then go back to find the good ones, but photos will take all of those and put them together for a short animation sequence that is really neat. Still think this is fantastic. The reminders that bring up pictures taken 1, 2, 4, or more years back is always fun to see.",,2021-10-12,5.0,in,False,other_or_unclear,not_stated,unknown,casual,not_stated,,,,,,,True
ps-00610,play_store,"The only thing I don't like about Google photos is when I need access to a photo and I can't search for any because it's ""organizing your photos so you can find them faster, try again later."" Please stop organizing my photos, leave them on the date they were taken, and if I want to organize them, I should be able to do that myself by creating folders. I'm still a big Google fan, just not a big fan of not being able to access my photos quickly when I need to.",,2025-01-13,3.0,in,False,other_or_unclear,not_stated,unknown,casual,not_stated,,,,,,,True
ps-00611,play_store,"I really enjoy the videos and animations it automatically creates and suggests for me, as well as the memories from years ago it reminds me of. My photos are backed up and it's super easy to share albums with family and friends. One of my favorite things is the search. I can search for ""hand writing"" and it pulls up all the photos where I took a photo of some hand written notes, so I can search through for that photo of a Post-It I knew I took 6 months ago. The other day, my coworker asked if I had ever purchased the book cases I had talked about when I first bought my house. I knew I had taken a picture of them when I first got them, but it had been over a year ago. I searched for ""bookcase"" and was quickly able to find the photo. So cool",,2018-10-01,5.0,in,True,object_or_product,not_stated,found,casual,classic,object|person|rough_time,,,bookcase,"searched for ""bookcase"" and was quickly able to find the photo",User successfully found specific photo by recalling object and approximate timeframe.,True
ps-00612,play_store,"I absolutely hate the new editing updates. I love to edit photos, just casually, but it's SOOOO much harder than before. Like someone else said, if it ain't broke, don't fix it. Having to scroll through different grouped adjustments is annoying. I liked how it was before with every lighting and color adjustment being in the same place. I also hate that the perspective tool is gone. I was about to use it only to see I can't anymore. Now I need to see what other app I can use to edit photos.",,2025-09-13,1.0,in,False,other_or_unclear,not_stated,unknown,casual,not_stated,,,,,,,True
ps-00613,play_store,"The storage alone is something to brag about, but this goes so far beyond that- it's insane! I bought a picture book of my pics and it is great! The app is so well designed. You can simply search the word flower and every picture you have with a flower comes up. You can basically give faces names so that you can search for a certain person in your photos. It documents your location where photos were taken and even makes short movies with your video clips and pictures. It's really awesome! I love Google Photos!",,2018-09-20,5.0,in,True,object_or_product,not_stated,found,casual,classic,object,,,flower,search the word flower and every picture you have with a flower comes up,User found photos using object-based keyword search without difficulty.,True
ps-00614,play_store,"Awesome, long time user. The only issue I have is that, because I've used this app for such a long time, I have A LOT OF ALBUMS, which is a headache when orgaizing pics. For some reason, in the app, when adding a pic to an album, it lists the albums in a weird algorithmic order which makes it really hard to find what youre lookin for. Only the last 3 you've modified show up on top of the list. Hoping to see that fixed!",,2023-07-28,4.0,in,False,other_or_unclear,not_stated,unknown,casual,not_stated,,,,,,,True
ps-00615,play_store,"I really like Google Photos, but I wish there was a way to view or recover my pictures based on the original folders they were saved in on my phone. Right now, all the photos are mixed together, and it’s hard to find things if I had them organized into folders before. Please add an option to keep or view photos by folder – it would make things so much easier for organizing and finding old pictures! thank you!",,2025-06-10,4.0,in,False,other_or_unclear,not_stated,unknown,casual,not_stated,,,,,,,True
ps-00616,play_store,"Google is all over the place doin everything and im a big fan of Google photos. So easy to use and great filters for editing. However, I feel it would be even better if it also offered an easier way to organize my photos and movies and even better would be if I was able to use Google photos to search for all my duplicates and delete them. Ive got lots of duplicates but don't have the time go thru my entire library. Just a suggestion.",,2021-04-11,4.0,in,False,other_or_unclear,not_stated,unknown,casual,not_stated,,,,,,,True
ps-00617,play_store,"Another Gallery app that spoon-feeds photo organization by what THEY want - by date. Give me a gallery that simply displays my photos the way I have organized them - in directories, IN ALPHABETICAL ORDER, nothing more !! Google programmers can't seem to be able to do a simple array. What I see is a random list of directories, not based on any alphabet known to man, making it impossible to find a photo. Your AI search is useless in searching for abstracted photos, etc.",,2018-10-21,1.0,in,True,other_or_unclear,cant_express,gave_up,casual,classic,,,,,AI search is useless in searching for abstracted photos,User unable to find photos because keyword search cannot handle abstract or visual concepts.,True
ps-00618,play_store,"Since the last update photos taken with the Phone camera will show normally for about a second, then automatically boost the light sources in the picture. I could not find a way to turn this ""feature"" off. While some photos might look better with the ""enhancement"", the big issue is that the photos you see in the photos app will be very different than the same photos you share on another app. Please give users a way to disable this nonsense, or turn it into a tool in the image editor.",,2023-12-09,1.0,in,False,other_or_unclear,not_stated,unknown,casual,not_stated,,,,,,,True
ps-00619,play_store,"it's great at backing up photos. But when trying to delete large number of photos, you have to select in groups (as you cannot select all, even with scrolling). With large number of photos, this is a pain and takes way too much time. In one forum I found you have to search (in my case, search by year) and then select those photos to delete. Could improve on managing storage. They seem to want to push you into paying for more cloud storage.",,2025-06-12,2.0,in,False,other_or_unclear,not_stated,unknown,casual,not_stated,,,,,,,True
ps-00620,play_store,"Has worked excellent in the past, however, recently, it has not been backing up any photos and says that all photos have already been backed up, which just isn't the case. Long overdue edit; The issue was my phone, so some reason it was just neglecting to work at all for literally anything. Since getting a different phone will say that the app is still amazing. Love that I can add in people and pets names, then type in their name in the search bar and only their pictures shows up.",,2022-05-07,5.0,in,False,other_or_unclear,not_stated,unknown,casual,not_stated,,,,,,,True
ps-00621,play_store,"The app is being more and more strict about making a user switch to cloud. It is getting so difficult to manage the storage specially when all the Google photos are also counted under 15GB free space. To download a set of backed up photos on phone, you can only do it one by one. I spent last 2 hours figuring out how to do it, but they have already made life so much harder. Looking for another app to manage photos from now on.",,2024-01-05,1.0,in,False,other_or_unclear,not_stated,unknown,casual,not_stated,,,,,,,True
ps-00622,play_store,"The UI is a bit confusing and not so friendly. Wish I could have the option of seeing the pictures ""individually"" (a general gallery where they are only organized by month -THIS is the way they always appear-). AND also being able to see them organized in ALBUMS (the same albums I already have on my phone gallery), because it's more confusing and hard to find the way it is now on the app (everything is mixed, only organized by month)",,2022-10-24,2.0,in,False,other_or_unclear,not_stated,unknown,casual,not_stated,,,,,,,True
ps-00623,play_store,"It's really slow to load photos! The gallery can't keep up when you scroll. It will show a gray image and then a pixelated version of the photo. In comparison, Samsung's app is near instant. And zooming into a photo while being in the editor, you see a low-resolution preview of the image. Overall, the editor layout and functions are a chore!! When swiping up to reveal details of the photo, there is a big stutter. For memories and some basic functions, you have to upload all photos to the cloud!?",,2025-10-29,3.0,in,False,other_or_unclear,not_stated,unknown,casual,not_stated,,,,,,,True
ps-00624,play_store,"Over 2 years since my last review update, and still no option to backup only while charging. Online searches show this is an overwhelmingly popular setting. I can't use Gallery to manage my photos, since they're immediately backed up, and this setting is even more important with the change to stop providing unlimited storage space for compressed photos/videos. Give us a choice!",,2021-01-05,1.0,in,False,other_or_unclear,not_stated,unknown,casual,not_stated,,,,,,,True
ps-00625,play_store,Google app hides and makes critical pictures disappear and decides how to arrange them so you can't find them. The best part is selling your jobsite photos back to you and have cute albums and portraits of plumbing and stupid junk. I have so many reminders to update and buy my own property than i can ever find my picture when i would like to see it.,,2021-06-11,1.0,in,True,other_or_unclear,cant_evaluate,gave_up,casual,not_stated,,,,,Google app hides and makes critical pictures disappear and decides how to arrange them,Photos get lost in auto-generated content and poor organization.,True
ps-00626,play_store,"I have been using Google photos for a long time now, and I love it! It is user friendly and the assistant creates great stylized pictures, collages, then & now, albums, and more. It also allows you to search your pictures by person, things in the picture (dogs, Christmas tree, etc), or by date. I recommend this to everyone that I can!",,2019-04-08,5.0,in,False,other_or_unclear,not_stated,unknown,casual,not_stated,,,,,,,True
ps-00627,play_store,"""If it ain't broke, don't fix it."" I do not like the new updates at all, they have made the app more difficult to use and find things. It was great before and they should have left it alone. They took away the ""sharing"" link and now I can't find photos and videos my son has shared. They also took away the link (I think it may have been labeled ""for you""?) that took you to all of the collages, animated pictures, movies that Google made from your photos.",,2020-10-02,2.0,in,True,other_or_unclear,not_stated,gave_up,casual,not_stated,,,,,they took away the sharing link and now I can't find photos my son has shared,UI changes removed navigation paths that users relied on to find specific photos.,True
ps-00628,play_store,"This app used to be really good and helpful with storing all my photos, and I quite liked the ""on this day"" bit back in time. But now with the stupid ""remember this day"" and it was like two days ago, er of course I remember that day! For me it chooses to show me what happened a few days ago or earlier this month, I don't need to see that, I took the photos I should remember it! The old app with the previous years was better, please consider taking it back to the easier simple version.",,2022-12-12,1.0,in,False,other_or_unclear,not_stated,unknown,casual,not_stated,,,,,,,True
ps-00629,play_store,"This has been my go-to app for photos for a long time, so I'm pretty invested in it. I'm always amused by the auto-generated stylized photos. But I really dislike the new Android updates (starting when - I don't know). I try to check out whatever notification and only ever get a photo scroll that I can't stop or start from the beginning. Super frustrating. Please get rid of the photo scroll. My personal photos are Not an instagram story. I will never want them to be.",,2020-10-16,3.0,in,False,other_or_unclear,not_stated,unknown,casual,not_stated,,,,,,,True
ps-00630,play_store,"This is a great app. It allows so much photos, the suggestions are terrific, it shows how smart it is. The app also let's you create slideshows and even order photos off of it. Photo albums too. The software recognizes faces and let's you search almost anything and it can recognize it. I took a photo of a friend's baby and the app grouped it with someone else's pictures. I thought it was a fluke but I looked closely and saw that person in a frame in the corner. Wow.",,2019-01-22,5.0,in,False,other_or_unclear,not_stated,unknown,casual,not_stated,,,,,,,True
ps-00631,play_store,"The feature list is amazing, but even with the latest Pixel phone, the app just keeps getting slower and slower. Searching typically takes so long I give up, it won't delete backed up photos, new photos take hours to show up, and I have switched to Gallery Go for viewing photos on my phone. I did a factory reset on my phone, and not even that helped. I am looking for an alternative.",,2021-05-26,3.0,in,False,other_or_unclear,not_stated,unknown,casual,not_stated,,,other_app,,,,True
ps-00632,play_store,"They've ruined the quick photo editing ability I loved so much. Instead of being able to adjust the settings and play around with them together to get the look I want, I now have to click into each one, adjust it, then come back out, then adjust the next one and so on. It also takes a while to load the editing controls, whereas before it was almost instant. This is such a massive step backwards. Not at all usable and will be looking for a new photo app.",,2020-10-06,1.0,in,False,other_or_unclear,not_stated,unknown,casual,not_stated,,,,,,,True
ps-00633,play_store,"Unlimited photo storage, incredible quality (what the heck is that compression algorithm???) Editing is basic, but even in its infancy, this is the most revolutionary, useful, exciting app I have used. Essential for anyone who values their photos and takes lots of them. Looking forward to seeing what future editing and search innovations will be rolled out! *** So, it's a year later and this app and service has lived up to every expectation as it has evolved. The #1 Essential App.",,2019-01-27,5.0,in,False,other_or_unclear,not_stated,unknown,casual,not_stated,,,,,,,True
ps-00634,play_store,"Needs improvement on Suggestion options. For Rotation suggestions, it only gives you the option to rotate the photo when you click on it. Provide an option to zoom in on the photo and also edit, rotate, or even delete the photo as well. For Archive suggestions, it only gives you the option to archive or not. Provide the same options as well (edit, delete, etc) when deciding to archive or not. Also, allow the Search to find pictures based on a specified GPS location (city, landmark, etc).",,2020-08-16,3.0,in,False,other_or_unclear,not_stated,unknown,casual,not_stated,,,,,,,True
ps-00635,play_store,"It seems fairly handy. I don't totally understand how it works. I do know that all my fave photos from last 5 yrs are nicely displayed all the way down the scrolled page, nice & safe, they're not taking up space in my gallery. It has come in handy to find old photos that I thought I lost. Just don't start deleting, cause images will vanish from your gallery! Yikes! But handy lil 'Restore' option in Apps Trash saved the day. Haven't found much use for app features, overall great backup storage.",,2020-05-20,4.0,in,True,other_or_unclear,not_stated,found,casual,not_stated,rough_time,,scroll_timeline,,handy to find old photos that I thought I lost,Scrolling timeline successfully retrieved old forgotten photos without explicit search queries.,True
as-00636,app_store,make ai optional. i can’t find a way to stop ai from scanning and editing my pictures.,,2026-09-16,1.0,in,False,other_or_unclear,not_stated,unknown,casual,not_stated,,,,,,,True
as-00637,app_store,Piitsburgh Visit. Very best and remembering ever lasting,,2026-08-07,5.0,in,False,other_or_unclear,not_stated,unknown,casual,not_stated,,,,,,,True
mn-00638,reddit,"New AI Search: While using this stupid Google Photos app, I noticed that my search bar for finding photos used to be completely normal and handy. Then it started automatically searching in some AI mode that was slow and not even accurately searching for the key words I was inputting.",https://www.reddit.com/r/googlephotos/comments/1sdxrk9/new_ai_search/,2026-04-06,,,True,other_or_unclear,misinterpreted,gave_up,casual,both,,,,keywords,AI mode that was slow and not even accurately searching for keywords,"Forced AI search mode misinterpreted keyword queries, making classic search workaround unavailable.",True
mn-00639,reddit,"The old search was great for narrowing my large collection for what I wanted to find, this new Ai bullshit is so terrible it can't find anything. Please for the love of fuck turn it back",https://www.reddit.com/r/googlephotos/comments/1spj30g/holy_sht_the_new_forced_ai_search_is_terrible/,2026-03-19,,,True,other_or_unclear,not_stated,gave_up,casual,both,,,,,new Ai bullshit is so terrible it can't find anything,"AI search replaced effective classic search, now fails to retrieve anything from large collections.",True
mn-00640,reddit,It's so slow compared to search and it doesn't even seem to use any Gemini - I asked it to find stuff from a specific album and it completely returned a set of irrelevant stuff. It can't search my favorites. If I want to change my query I can't do it from where I typed the query (I have to go to the bottom of the screen?!) upending all design patterns.,https://www.reddit.com/r/googlephotos/comments/1ps1b88/ask_photos_is_a_complete_joke/,2025-12-21,,,True,other_or_unclear,misinterpreted,found,casual,ask_photos,,,,,asked it to find stuff from a specific album and it completely returned irrelevant stuff,Ask Photos returned wrong results when searching within a specific album.,True
mn-00641,reddit,"have saved photos from when my child was a baby in Google photos. I've always been able to search by date, for example ""July 2016,"" but now when I do that it says I can't search using those terms. I don't see any option to disable the AI search feature. I'm going to have to migrate all of my photos to a different platform if this keeps up, there's no point in storing photos if I can't search for them without AI.",https://www.reddit.com/r/googlephotos/comments/1v3gsds/i_can_no_longer_search_for_photos_by_date/,2026-07-22,,,True,other_or_unclear,misinterpreted,gave_up,sentimental,ask_photos,,,,July 2016,now when I do that it says I can't search using those terms,AI search blocks date-based queries that classic search once supported.,True
mn-00642,reddit,"I asked this question here 2 years ago but it wasn't possible then, is it now?

>>I have an Album in Google Photos that has more than 1400 pics in it. When I'm rearranging the pics in the Album in my customized way, I can't easily find the pics I need to move around, not when I'm looking thru 1400 pics. Is there a way to find a specific pic in this Album? TIA<<

One person asked why I don't just search Google Photos for a pic. I do that, it shows me what Album that pic is in, I'll open that Album, but I don't know how to easily find ONE particular picture that is somewhere among 1400+ pictures. I did CtrlF when I opened the Album, but it shows 0 results, and that's even for something that I literally see in the Album that I've opened.

I'm trying to organize my photos my specific way, but this makes it hard and even more time consuming that the project already is. Can anyone give me any suggestions? If you can, I'd appreciate it.",https://www.reddit.com/r/googlephotos/comments/1vcu3cs/finding_specific_photo_in_a_large_album/,2026-08-01,,,True,other_or_unclear,cant_evaluate,gave_up,casual,classic,,,scroll_timeline,,don't know how to easily find ONE particular picture among 1400+ pictures,No filtering tool exists to narrow results within a large album during manual organization.,True
mn-00643,reddit,"Is there a search term for finding photos I have edited?Tried ""edited"" but it didn't work",https://www.reddit.com/r/googlephotos/comments/1uinuct/is_there_a_search_term_for_finding_photos_i_have/,2026-06-29,,,True,other_or_unclear,misinterpreted,gave_up,casual,not_stated,,,,edited,Tried 'edited' but it didn't work,Search query for edited photos does not return expected results.,True
mn-00644,reddit,"I ask for ""yellow truck"" and it finds 2 out of the 10 different days I had taken pictures of yellow trucks. They're all banana yellow and the images contain a truck and nothing else. I've been photographing and selling a fleet of yellow trucks for someone. I'll try different phrasing like "" pickup truck"" and it'll actually add a few more trucks but also lose some of the yellow trucks it initially found.It used to find all images that contained whatever keyword I asked for. Now it can't even find the most simple and blatant keywords. It will find the recent cluster of pictures and maybe one or two more pictures from years ago. And the obligatory dump of pictures that contain nothing close to the keyword. Before AI search I could search for ""fork"" and it would find every damn fork in my photos history. Now I'm lucky if it finds 10% of them.",https://www.reddit.com/r/googlephotos/comments/1rihxp2/sorry_if_this_has_been_asked_a_hundred_times_but/,2026-03-02,,,True,object_or_product,misinterpreted,gave_up,urgent,ask_photos,object|visual_detail,,rephrased,"yellow truck, pickup truck, fork",It used to find all images containing keyword. Now it can't find basic keywords.,AI search finds inconsistent subsets of obvious visual objects versus classic search.,True
mn-00645,reddit,"Anyone else notice how bad the new Google Photos Search is? Yesterday, for example, I search for pics with the new version, and it gave me 2 pics. It did show I could click to ""see more"", but clicking on that gave a screen that said ""no more results"". I of course had MANY photos so I switched back to ""Classic Search"" and put in same word and got all the pics I was expecting, and in date order and with the date showing! NOT the first time I've used the new search and found it completely useless. How is it that they screwed it up and give us something WORSE?",https://www.reddit.com/r/googlephotos/comments/1kucfki/google_photos_new_ai_search_sucks/,2025-05-04,,,True,other_or_unclear,misinterpreted,found,casual,both,,,switched_search_mode,,clicked see more and it said no more results. Switched to Classic and got all pics.,Ask Photos returns incomplete results; classic search retrieves expected full set.,True
mn-00646,reddit,"So how is everyone enjoying Google Photos being completely unable to identify the most basic photos that it could 6 months ago?

I've had a dog for 10 years. Now when I search for ""dog"" I get a tiny subset of the photos I used to. Unrelated I use blowtorches for my day job. I search for blowtorch. I get eight results none of which contains a blowtorch. Google Photo search is now so bad I'm longing for the days 20 years ago when we manually entered metadata and tags to photos so we could find them later.

What are people doing now that Google Photos is now incapable of showing us our photos based on search terms?",https://www.reddit.com/r/googlephotos/comments/1ov9y8d/google_photos_search_results/,2025-11-12,,,True,pet,misinterpreted,gave_up,casual,ask_photos,object,,,"dog, blowtorch",search for blowtorch. I get eight results none of which contains a blowtorch,AI search returns irrelevant results and finds only tiny subsets of obvious categories.,True
mn-00647,reddit,"So I have heard that Google added a toggle to turn Classic Search on this month (March 2026). However, I can find no such thing. I have even uninstalled the app and reinstalled it.",https://www.reddit.com/r/googlephotos/comments/1s2vsp8/classic_search_toggle_where_is_it_at/,2026-03-25,,,False,other_or_unclear,not_stated,unknown,casual,not_stated,,,,,,,True
mn-00648,reddit,"I hate gemini search. it isn't that good at understanding my natural language requests, and its censoring is awful.

I saved a lot of tintin memes, which obviously is deeply soaked in popular culture, including references to pornhub etc (not necessarily nsfw, just mention of the forbidden words)

I often have a meme i want to find, for which i remember the keywords, and either gemini can't find it, or it just says ""sorry , I can't help with that""",https://www.reddit.com/r/googlephotos/comments/1s96iwh/how_do_i_get_normal_search_back_instead_of_this/,2026-03-01,,,True,other_or_unclear,misinterpreted,gave_up,casual,ask_photos,text_in_photo,,,,"gemini can't find it, or it says sorry, I can't help with that",Gemini's content filtering blocks retrieval of saved memes with certain keywords.,True
mn-00649,reddit,"So my ultimate goal is to find a way to see all photos not in a specific album.
I seem to be able to do exclude years in my search queries. If I search for ""dog -2019"" it will yield some dog photos excluding ones taken in 2019.

But if I add a keyword like ""vacation"" to a photo or put a photo in an album called ""vacation""
Searching for ""beach -vacation"" will still yield all my beach photos in the vacation album as well as the ones with the word vacation in the description.

Is there a resource that lists the advanced search syntax that we are all aware of? All I can find are SEO optimized fake articles with useless Google Photos information.",,,,,True,other_or_unclear,cant_refine,gave_up,casual,classic,,,,"dog -2019, beach -vacation",Searching for beach -vacation will still yield all beach photos in vacation album,Advanced search exclusion syntax works inconsistently for albums versus date filters.,True
mn-00650,reddit,"I just recently uploaded some old photos and videos from a while back, and I forgot the exact date of when they were taken. I was scrolling through things and eventually found them, and I cannot remember the date for the life of me. I'd like to see the photos now on Google photos, but I have no idea how.

Any kind help or suggestions are appreciated!",https://www.reddit.com/r/googlephotos/comments/1ousytw/how_can_i_easily_find_photos_or_videos_that_i/,2025-11-12,,,True,other_or_unclear,not_stated,found,casual,not_stated,rough_time,exact_date,scroll_timeline,,I forgot the exact date of when they were taken.,"User successfully found photos by scrolling, but recalls no search attempt.",True
mn-00651,reddit,"I'm trying to find photos of me alone, and it seems impossible on Photos. It seems the genius AI doesn't understand words like ""alone"", ""and nobody else"", ""the only subject"", etc. Or maybe there's just no advertiser to pay for these keywords and they just refuse to output anything if nothings paying for it? It's just unbelievable how difficult it is to get such a basic service from a ""world-leading AI"".",https://www.reddit.com/r/googlephotos/comments/1r4dbyu/how_to_search_for_images_of_a_person_alone/,2026-02-14,,,True,people_or_event,misinterpreted,gave_up,casual,ask_photos,visual_detail,,,"alone, and nobody else, the only subject",It seems the genius AI doesn't understand words like 'alone'.,AI misunderstood conceptual keywords about photo composition and subject solitude.,True
